Workbook

Sheet Übersicht
A1: Qualitätsrahmen Q1–Q6 · Erste Übersicht · Münchenstein, Wil, Seelisberg
A2: Raumgleiter · LP01 · Assignment 01 (Q-Restriktionsprofil, Entwurf) · Recherchestand 14.10.2026 · Basis: Q_Grundlagenkataster_3_Gemeinden_bereinigt.xlsx plus Ergänzungen
A4: Aufbau
A5: 1_Q1_Rechtsordnung | B5: Erlasse und Pläne: Bund → Interkantonal → Kanton → Gemeinde (alle Q)
A6: 2_Q2_Landschaft | B6: Dokumente, Inventare, Geodaten Landschaft/Biodiversität (inkl. nicht öffentliche Daten)
A7: 3_Q3_Klima_Energie | B7: Dokumente, Inventare, Geodaten Klimaschutz/Energie/Ressourcen
A8: 4_Q4_Resilienz | B8: Dokumente, Inventare, Geodaten Klimaanpassung/Resilienz
A9: 5_Q5_Ortsbild | B9: Dokumente, Inventare, Geodaten Ortsbild/Baukultur
A10: 6_Q6_Bestellung | B10: Dokumente, Grundlagen integrierte lebenszyklusorientierte Bestellung/Vergabe
A11: 7_GIS_Layers | B11: Sammlung der GIS-Layer mit Links (CH-weit und je Gemeinde) zur Betroffenheitsprüfung
A12: 8_Hinweise_Kataster | B12: Auffälligkeiten im Kataster, Umsetzungsstand
A15: Abdeckung je Blatt und Gemeinde (Anzahl Zeilen, per Formel aus den Blättern)
A16: Blatt | B16: Gemeinde | C16: gilt / belegt | D16: belegt – Betroffenheit offen | E16: keine Regelung (geprüft) | F16: nicht belegt (Recherche offen) | G16: Datenanfrage | H16: Summe | I16: Anteil belegt
A17: 1_Q1_Rechtsordnung | B17: Münchenstein | C17: =COUNTIF('1_Q1_Rechtsordnung'!$I$6:$I$95,"belegt")+COUNTIF('1_Q1_Rechtsordnung'!$I$6:$I$95,"gilt") | D17: =COUNTIF('1_Q1_Rechtsordnung'!$I$6:$I$95,"belegt – Betroffenheit offen") | E17: =COUNTIF('1_Q1_Rechtsordnung'!$I$6:$I$95,"keine Regelung (geprüft)") | F17: =COUNTIF('1_Q1_Rechtsordnung'!$I$6:$I$95,"nicht belegt (Recherche offen)") | G17: =COUNTIF('1_Q1_Rechtsordnung'!$I$6:$I$95,"Datenanfrage (nicht öffentlich)") | H17: =SUM(C17:G17) | I17: =IF(H17=0,0,(C17+D17)/H17)
B18: Wil | C18: =COUNTIF('1_Q1_Rechtsordnung'!$J$6:$J$95,"belegt")+COUNTIF('1_Q1_Rechtsordnung'!$J$6:$J$95,"gilt") | D18: =COUNTIF('1_Q1_Rechtsordnung'!$J$6:$J$95,"belegt – Betroffenheit offen") | E18: =COUNTIF('1_Q1_Rechtsordnung'!$J$6:$J$95,"keine Regelung (geprüft)") | F18: =COUNTIF('1_Q1_Rechtsordnung'!$J$6:$J$95,"nicht belegt (Recherche offen)") | G18: =COUNTIF('1_Q1_Rechtsordnung'!$J$6:$J$95,"Datenanfrage (nicht öffentlich)") | H18: =SUM(C18:G18) | I18: =IF(H18=0,0,(C18+D18)/H18)
B19: Seelisberg | C19: =COUNTIF('1_Q1_Rechtsordnung'!$K$6:$K$95,"belegt")+COUNTIF('1_Q1_Rechtsordnung'!$K$6:$K$95,"gilt") | D19: =COUNTIF('1_Q1_Rechtsordnung'!$K$6:$K$95,"belegt – Betroffenheit offen") | E19: =COUNTIF('1_Q1_Rechtsordnung'!$K$6:$K$95,"keine Regelung (geprüft)") | F19: =COUNTIF('1_Q1_Rechtsordnung'!$K$6:$K$95,"nicht belegt (Recherche offen)") | G19: =COUNTIF('1_Q1_Rechtsordnung'!$K$6:$K$95,"Datenanfrage (nicht öffentlich)") | H19: =SUM(C19:G19) | I19: =IF(H19=0,0,(C19+D19)/H19)
A20: 2_Q2_Landschaft | B20: Münchenstein | C20: =COUNTIF('2_Q2_Landschaft'!$I$6:$I$36,"belegt")+COUNTIF('2_Q2_Landschaft'!$I$6:$I$36,"gilt") | D20: =COUNTIF('2_Q2_Landschaft'!$I$6:$I$36,"belegt – Betroffenheit offen") | E20: =COUNTIF('2_Q2_Landschaft'!$I$6:$I$36,"keine Regelung (geprüft)") | F20: =COUNTIF('2_Q2_Landschaft'!$I$6:$I$36,"nicht belegt (Recherche offen)") | G20: =COUNTIF('2_Q2_Landschaft'!$I$6:$I$36,"Datenanfrage (nicht öffentlich)") | H20: =SUM(C20:G20) | I20: =IF(H20=0,0,(C20+D20)/H20)
B21: Wil | C21: =COUNTIF('2_Q2_Landschaft'!$J$6:$J$36,"belegt")+COUNTIF('2_Q2_Landschaft'!$J$6:$J$36,"gilt") | D21: =COUNTIF('2_Q2_Landschaft'!$J$6:$J$36,"belegt – Betroffenheit offen") | E21: =COUNTIF('2_Q2_Landschaft'!$J$6:$J$36,"keine Regelung (geprüft)") | F21: =COUNTIF('2_Q2_Landschaft'!$J$6:$J$36,"nicht belegt (Recherche offen)") | G21: =COUNTIF('2_Q2_Landschaft'!$J$6:$J$36,"Datenanfrage (nicht öffentlich)") | H21: =SUM(C21:G21) | I21: =IF(H21=0,0,(C21+D21)/H21)
B22: Seelisberg | C22: =COUNTIF('2_Q2_Landschaft'!$K$6:$K$36,"belegt")+COUNTIF('2_Q2_Landschaft'!$K$6:$K$36,"gilt") | D22: =COUNTIF('2_Q2_Landschaft'!$K$6:$K$36,"belegt – Betroffenheit offen") | E22: =COUNTIF('2_Q2_Landschaft'!$K$6:$K$36,"keine Regelung (geprüft)") | F22: =COUNTIF('2_Q2_Landschaft'!$K$6:$K$36,"nicht belegt (Recherche offen)") | G22: =COUNTIF('2_Q2_Landschaft'!$K$6:$K$36,"Datenanfrage (nicht öffentlich)") | H22: =SUM(C22:G22) | I22: =IF(H22=0,0,(C22+D22)/H22)
A23: 3_Q3_Klima_Energie | B23: Münchenstein | C23: =COUNTIF('3_Q3_Klima_Energie'!$I$6:$I$32,"belegt")+COUNTIF('3_Q3_Klima_Energie'!$I$6:$I$32,"gilt") | D23: =COUNTIF('3_Q3_Klima_Energie'!$I$6:$I$32,"belegt – Betroffenheit offen") | E23: =COUNTIF('3_Q3_Klima_Energie'!$I$6:$I$32,"keine Regelung (geprüft)") | F23: =COUNTIF('3_Q3_Klima_Energie'!$I$6:$I$32,"nicht belegt (Recherche offen)") | G23: =COUNTIF('3_Q3_Klima_Energie'!$I$6:$I$32,"Datenanfrage (nicht öffentlich)") | H23: =SUM(C23:G23) | I23: =IF(H23=0,0,(C23+D23)/H23)
B24: Wil | C24: =COUNTIF('3_Q3_Klima_Energie'!$J$6:$J$32,"belegt")+COUNTIF('3_Q3_Klima_Energie'!$J$6:$J$32,"gilt") | D24: =COUNTIF('3_Q3_Klima_Energie'!$J$6:$J$32,"belegt – Betroffenheit offen") | E24: =COUNTIF('3_Q3_Klima_Energie'!$J$6:$J$32,"keine Regelung (geprüft)") | F24: =COUNTIF('3_Q3_Klima_Energie'!$J$6:$J$32,"nicht belegt (Recherche offen)") | G24: =COUNTIF('3_Q3_Klima_Energie'!$J$6:$J$32,"Datenanfrage (nicht öffentlich)") | H24: =SUM(C24:G24) | I24: =IF(H24=0,0,(C24+D24)/H24)
B25: Seelisberg | C25: =COUNTIF('3_Q3_Klima_Energie'!$K$6:$K$32,"belegt")+COUNTIF('3_Q3_Klima_Energie'!$K$6:$K$32,"gilt") | D25: =COUNTIF('3_Q3_Klima_Energie'!$K$6:$K$32,"belegt – Betroffenheit offen") | E25: =COUNTIF('3_Q3_Klima_Energie'!$K$6:$K$32,"keine Regelung (geprüft)") | F25: =COUNTIF('3_Q3_Klima_Energie'!$K$6:$K$32,"nicht belegt (Recherche offen)") | G25: =COUNTIF('3_Q3_Klima_Energie'!$K$6:$K$32,"Datenanfrage (nicht öffentlich)") | H25: =SUM(C25:G25) | I25: =IF(H25=0,0,(C25+D25)/H25)
A26: 4_Q4_Resilienz | B26: Münchenstein | C26: =COUNTIF('4_Q4_Resilienz'!$I$6:$I$34,"belegt")+COUNTIF('4_Q4_Resilienz'!$I$6:$I$34,"gilt") | D26: =COUNTIF('4_Q4_Resilienz'!$I$6:$I$34,"belegt – Betroffenheit offen") | E26: =COUNTIF('4_Q4_Resilienz'!$I$6:$I$34,"keine Regelung (geprüft)") | F26: =COUNTIF('4_Q4_Resilienz'!$I$6:$I$34,"nicht belegt (Recherche offen)") | G26: =COUNTIF('4_Q4_Resilienz'!$I$6:$I$34,"Datenanfrage (nicht öffentlich)") | H26: =SUM(C26:G26) | I26: =IF(H26=0,0,(C26+D26)/H26)
B27: Wil | C27: =COUNTIF('4_Q4_Resilienz'!$J$6:$J$34,"belegt")+COUNTIF('4_Q4_Resilienz'!$J$6:$J$34,"gilt") | D27: =COUNTIF('4_Q4_Resilienz'!$J$6:$J$34,"belegt – Betroffenheit offen") | E27: =COUNTIF('4_Q4_Resilienz'!$J$6:$J$34,"keine Regelung (geprüft)") | F27: =COUNTIF('4_Q4_Resilienz'!$J$6:$J$34,"nicht belegt (Recherche offen)") | G27: =COUNTIF('4_Q4_Resilienz'!$J$6:$J$34,"Datenanfrage (nicht öffentlich)") | H27: =SUM(C27:G27) | I27: =IF(H27=0,0,(C27+D27)/H27)
B28: Seelisberg | C28: =COUNTIF('4_Q4_Resilienz'!$K$6:$K$34,"belegt")+COUNTIF('4_Q4_Resilienz'!$K$6:$K$34,"gilt") | D28: =COUNTIF('4_Q4_Resilienz'!$K$6:$K$34,"belegt – Betroffenheit offen") | E28: =COUNTIF('4_Q4_Resilienz'!$K$6:$K$34,"keine Regelung (geprüft)") | F28: =COUNTIF('4_Q4_Resilienz'!$K$6:$K$34,"nicht belegt (Recherche offen)") | G28: =COUNTIF('4_Q4_Resilienz'!$K$6:$K$34,"Datenanfrage (nicht öffentlich)") | H28: =SUM(C28:G28) | I28: =IF(H28=0,0,(C28+D28)/H28)
A29: 5_Q5_Ortsbild | B29: Münchenstein | C29: =COUNTIF('5_Q5_Ortsbild'!$I$6:$I$31,"belegt")+COUNTIF('5_Q5_Ortsbild'!$I$6:$I$31,"gilt") | D29: =COUNTIF('5_Q5_Ortsbild'!$I$6:$I$31,"belegt – Betroffenheit offen") | E29: =COUNTIF('5_Q5_Ortsbild'!$I$6:$I$31,"keine Regelung (geprüft)") | F29: =COUNTIF('5_Q5_Ortsbild'!$I$6:$I$31,"nicht belegt (Recherche offen)") | G29: =COUNTIF('5_Q5_Ortsbild'!$I$6:$I$31,"Datenanfrage (nicht öffentlich)") | H29: =SUM(C29:G29) | I29: =IF(H29=0,0,(C29+D29)/H29)
B30: Wil | C30: =COUNTIF('5_Q5_Ortsbild'!$J$6:$J$31,"belegt")+COUNTIF('5_Q5_Ortsbild'!$J$6:$J$31,"gilt") | D30: =COUNTIF('5_Q5_Ortsbild'!$J$6:$J$31,"belegt – Betroffenheit offen") | E30: =COUNTIF('5_Q5_Ortsbild'!$J$6:$J$31,"keine Regelung (geprüft)") | F30: =COUNTIF('5_Q5_Ortsbild'!$J$6:$J$31,"nicht belegt (Recherche offen)") | G30: =COUNTIF('5_Q5_Ortsbild'!$J$6:$J$31,"Datenanfrage (nicht öffentlich)") | H30: =SUM(C30:G30) | I30: =IF(H30=0,0,(C30+D30)/H30)
B31: Seelisberg | C31: =COUNTIF('5_Q5_Ortsbild'!$K$6:$K$31,"belegt")+COUNTIF('5_Q5_Ortsbild'!$K$6:$K$31,"gilt") | D31: =COUNTIF('5_Q5_Ortsbild'!$K$6:$K$31,"belegt – Betroffenheit offen") | E31: =COUNTIF('5_Q5_Ortsbild'!$K$6:$K$31,"keine Regelung (geprüft)") | F31: =COUNTIF('5_Q5_Ortsbild'!$K$6:$K$31,"nicht belegt (Recherche offen)") | G31: =COUNTIF('5_Q5_Ortsbild'!$K$6:$K$31,"Datenanfrage (nicht öffentlich)") | H31: =SUM(C31:G31) | I31: =IF(H31=0,0,(C31+D31)/H31)
A32: 6_Q6_Bestellung | B32: Münchenstein | C32: =COUNTIF('6_Q6_Bestellung'!$I$6:$I$36,"belegt")+COUNTIF('6_Q6_Bestellung'!$I$6:$I$36,"gilt") | D32: =COUNTIF('6_Q6_Bestellung'!$I$6:$I$36,"belegt – Betroffenheit offen") | E32: =COUNTIF('6_Q6_Bestellung'!$I$6:$I$36,"keine Regelung (geprüft)") | F32: =COUNTIF('6_Q6_Bestellung'!$I$6:$I$36,"nicht belegt (Recherche offen)") | G32: =COUNTIF('6_Q6_Bestellung'!$I$6:$I$36,"Datenanfrage (nicht öffentlich)") | H32: =SUM(C32:G32) | I32: =IF(H32=0,0,(C32+D32)/H32)
B33: Wil | C33: =COUNTIF('6_Q6_Bestellung'!$J$6:$J$36,"belegt")+COUNTIF('6_Q6_Bestellung'!$J$6:$J$36,"gilt") | D33: =COUNTIF('6_Q6_Bestellung'!$J$6:$J$36,"belegt – Betroffenheit offen") | E33: =COUNTIF('6_Q6_Bestellung'!$J$6:$J$36,"keine Regelung (geprüft)") | F33: =COUNTIF('6_Q6_Bestellung'!$J$6:$J$36,"nicht belegt (Recherche offen)") | G33: =COUNTIF('6_Q6_Bestellung'!$J$6:$J$36,"Datenanfrage (nicht öffentlich)") | H33: =SUM(C33:G33) | I33: =IF(H33=0,0,(C33+D33)/H33)
B34: Seelisberg | C34: =COUNTIF('6_Q6_Bestellung'!$K$6:$K$36,"belegt")+COUNTIF('6_Q6_Bestellung'!$K$6:$K$36,"gilt") | D34: =COUNTIF('6_Q6_Bestellung'!$K$6:$K$36,"belegt – Betroffenheit offen") | E34: =COUNTIF('6_Q6_Bestellung'!$K$6:$K$36,"keine Regelung (geprüft)") | F34: =COUNTIF('6_Q6_Bestellung'!$K$6:$K$36,"nicht belegt (Recherche offen)") | G34: =COUNTIF('6_Q6_Bestellung'!$K$6:$K$36,"Datenanfrage (nicht öffentlich)") | H34: =SUM(C34:G34) | I34: =IF(H34=0,0,(C34+D34)/H34)
A35: Anteil belegt = (belegt + belegt – Betroffenheit offen) / Summe; «n. a.» wird nicht gezählt.
A37: Legende Status
A38: gilt | B38: Rechtsnorm gilt für die Gemeinde
A39: belegt | B39: Beleg mit Link vorhanden (Link-Status in der Spalte «Link-Status»)
A40: belegt – Betroffenheit offen | B40: Layer/Inventar existiert; Lage in der Gemeinde per GIS-Overlay zu prüfen (Blatt 7)
A41: keine Regelung (geprüft) | B41: Recherche zeigt: die Ebene regelt/erhebt nichts, übergeordnetes Recht gilt (derzeit keine Zeile)
A42: nicht belegt (Recherche offen) | B42: bisher kein Beleg gefunden
A43: Datenanfrage (nicht öffentlich) | B43: nicht öffentlich; Existenzerwartung (hoch/mittel/unbekannt) im Prüfhinweis
A44: n. a. | B44: nicht anwendbar (andere Gebietskörperschaft)
A46: Link-Status: «geprüft · OK» = Link abgerufen und mit Bezeichnung/Referenz abgeglichen (Linkprüfung GitHub-Runner bzw. manuell); «geprüft · korrigiert» = falscher Link ersetzt; «geprüft · manuell prüfen» / «Hinweis» / «nur Einstiegsseite» = noch offen. Herkunft und Confidence stehen in der Spalte «Herkunft · Confidence».
A47: Der Status beschreibt Vorhandensein und Quelle, noch keine inhaltliche Einordnung (Ausschluss / Interessenabwägung / unkritisch) – bewusst zurückgestellt.

Sheet 1_Q1_Rechtsordnung
A1: 1 · Q1 Recht und Planung – Rechtsordnung (Bund → Interkantonal → Kanton → Gemeinde)
A2: Erlasse und behördenverbindliche Pläne aller Q-Dimensionen (Spalte «Q»), gegliedert nach Rechtsebene. | Gemeinden: Münchenstein (BL), Wil (SG), Seelisberg (UR) | Recherchestand: 14.10.2026
A3: Status: gilt / belegt = Beleg mit Link vorhanden · belegt – Betroffenheit offen = Layer/Inventar existiert, Lage in der Gemeinde per GIS zu prüfen (Blatt 7) · keine Regelung (geprüft) = Ebene regelt nichts, übergeordnetes Recht gilt · nicht belegt (Recherche offen) = bisher kein Beleg · Datenanfrage = nicht öffentlich · n. a. = andere Gebietskörperschaft
A5: Ebene | B5: Q | C5: Typ | D5: Bezeichnung | E5: Referenz (SR/SGS/RB) | F5: Stand | G5: Zuständige Stelle | H5: Zugang | I5: Münchenstein (BL) | J5: Wil (SG) | K5: Seelisberg (UR) | L5: Inhalt / Mindestanforderung | M5: Link / Quelle | N5: Link-Status | O5: Herkunft · Confidence | P5: Prüfnachweis / Hinweis
A6: BUND (gilt für alle drei Gemeinden)
A7: Bund | B7: Q1–Q6 | C7: Verfassung | D7: Bundesverfassung (Art. 73 Nachhaltigkeit, 75 Raumplanung, 75b Zweitwohnungen, 78 Natur-/Heimatschutz, 89 Energie) | E7: SR 101 | F7: konsolidierte Fassung (Fedlex) | G7: BK | H7: öffentlich | I7: gilt | J7: gilt | K7: gilt | L7: Verfassungsgrundlagen für Raumplanung, Natur-/Heimatschutz, Energie | M7: https://www.fedlex.admin.ch/eli/cc/1999/404/de | N7: geprüft · OK | O7: Ergänzung · hoch
A8: Bund | B8: Q1 | C8: Gesetz | D8: Raumplanungsgesetz (RPG) | E8: SR 700 | F8: konsolidierte Fassung (Fedlex) | G8: Bund (ARE) | H8: öffentlich | I8: gilt | J8: gilt | K8: gilt | L8: Zonenkonformität, haushälterische Bodennutzung, Bauen ausserhalb Bauzonen | M8: https://www.fedlex.admin.ch/eli/cc/1979/1573_1573_1573/de | N8: geprüft · OK | O8: Katalog · hoch
A9: Bund | B9: Q1 | C9: Verordnung | D9: Raumplanungsverordnung (RPV) | E9: SR 700.1 | F9: konsolidierte Fassung (Fedlex) | G9: Bund (ARE) | H9: öffentlich | I9: gilt | J9: gilt | K9: gilt | L9: Ausführungsanforderungen zur Raumplanung (u. a. Sachplan FFF, Bauzonendimensionierung) | M9: https://www.fedlex.admin.ch/eli/cc/2000/310/de | N9: geprüft · OK | O9: Katalog · hoch
A10: Bund | B10: Q1 | C10: Gesetz | D10: Zweitwohnungsgesetz (ZWG) | E10: SR 702 | F10: 01.10.2024 (Fedlex-Fassung lt. Suchtreffer) | G10: Bund (ARE) | H10: öffentlich | I10: gilt | J10: gilt | K10: gilt | L10: Beschränkung Zweitwohnungen in Gemeinden >20 % Anteil | M10: https://www.fedlex.admin.ch/eli/cc/2015/886/de | N10: geprüft · OK | O10: Ergänzung · hoch | P10: Massgebend für den Zweitwohnungsanteil ist die jährliche Feststellung des Bundes (Art. 5 ZWG). Seelisberg: siehe ZWV-Anhang
A11: Bund | B11: Q1 | C11: Gesetz | D11: Zweitwohnungsverordnung (ZWV) | E11: SR 702.1 | F11: konsolidierte Fassung (Fedlex) | G11: Bund (ARE) | H11: öffentlich | I11: gilt | J11: gilt | K11: gilt | L11: Vollzug ZWG; Anhang: Gemeinden mit vermutetem Zweitwohnungsanteil >20 % | M11: https://www.fedlex.admin.ch/eli/cc/2015/887/de | N11: geprüft · OK | O11: Ergänzung · hoch | P11: Anhang: Seelisberg (UR, BFS-Nr. 1215) aufgeführt; Wil in der SG-Liste nicht aufgeführt; Münchenstein: BL-Teil der Liste nicht eingesehen
A12: Bund | B12: Q2 / Q5 | C12: Gesetz | D12: Natur- und Heimatschutzgesetz (NHG) | E12: SR 451 | F12: konsolidierte Fassung (Fedlex) | G12: Bund (BAFU / BAK) | H12: öffentlich | I12: gilt | J12: gilt | K12: gilt | L12: Schutz von Landschaften, Biotopen, Ortsbildern je nach Schutzstatus | M12: https://www.fedlex.admin.ch/eli/cc/1966/1637_1694_1679/de | N12: geprüft · OK | O12: Katalog · hoch
A13: Bund | B13: Q2 / Q5 | C13: Verordnung | D13: Natur- und Heimatschutzverordnung (NHV) | E13: SR 451.1 | F13: konsolidierte Fassung (Fedlex) | G13: Bund (BAFU / BAK / ASTRA) | H13: öffentlich | I13: gilt | J13: gilt | K13: gilt | L13: Vollzug NHG; Bundesinventare, Bundesaufgaben | M13: https://www.fedlex.admin.ch/eli/cc/1991/249_249_249/de | N13: geprüft · OK | O13: Ergänzung · hoch
A14: Bund | B14: Q2 / Q5 | C14: Verordnung | D14: Verordnung über das Bundesinventar der Landschaften und Naturdenkmäler (VBLN) | E14: SR 451.11 | F14: konsolidierte Fassung (Fedlex) | G14: Bund (BAFU) | H14: öffentlich | I14: gilt | J14: gilt | K14: gilt | L14: Rechtsgrundlage BLN | M14: https://www.fedlex.admin.ch/eli/cc/2017/290/de | N14: geprüft · OK | O14: Ergänzung · hoch
A15: Bund | B15: Q2 / Q5 | C15: Verordnung | D15: Verordnung über das Bundesinventar der schützenswerten Ortsbilder der Schweiz (VISOS) | E15: SR 451.12 | F15: konsolidierte Fassung (Fedlex) | G15: Bund (BAK) | H15: öffentlich | I15: gilt | J15: gilt | K15: gilt | L15: Rechtsgrundlage ISOS | M15: https://www.fedlex.admin.ch/eli/cc/2019/673/de | N15: geprüft · OK | O15: Ergänzung · hoch
A16: Bund | B16: Q2 / Q5 | C16: Verordnung | D16: Verordnung über das Bundesinventar der historischen Verkehrswege der Schweiz (VIVS) | E16: SR 451.13 | F16: konsolidierte Fassung (Fedlex) | G16: Bund (ASTRA) | H16: öffentlich | I16: gilt | J16: gilt | K16: gilt | L16: Rechtsgrundlage IVS | M16: https://www.fedlex.admin.ch/eli/cc/2010/227/de | N16: geprüft · OK | O16: Ergänzung · hoch
A17: Bund | B17: Q2 | C17: Verordnung | D17: Verordnung über den Schutz der Auengebiete von nationaler Bedeutung (Auenverordnung) | E17: SR 451.31 | F17: Erlass 28.10.1992; konsolidierte Fassung (Fedlex) | G17: Bund (BAFU) | H17: öffentlich | I17: gilt | J17: gilt | K17: gilt | L17: Rechtsgrundlage Bundesinventar: Auengebiete | M17: https://www.fedlex.admin.ch/eli/cc/1992/2080_2080_2080/de | N17: geprüft · OK | O17: Ergänzung · hoch
A18: Bund | B18: Q2 | C18: Verordnung | D18: Verordnung über den Schutz der Hoch- und Übergangsmoore von nationaler Bedeutung (Hochmoorverordnung) | E18: SR 451.32 | F18: Erlass 21.01.1991; konsolidierte Fassung (Fedlex) | G18: Bund (BAFU) | H18: öffentlich | I18: gilt | J18: gilt | K18: gilt | L18: Rechtsgrundlage Bundesinventar: Hoch- und Übergangsmoore | M18: https://www.fedlex.admin.ch/eli/cc/1991/270_270_270/de | N18: geprüft · OK | O18: Ergänzung · hoch
A19: Bund | B19: Q2 | C19: Verordnung | D19: Verordnung über den Schutz der Flachmoore von nationaler Bedeutung (Flachmoorverordnung) | E19: SR 451.33 | F19: Erlass 07.09.1994; konsolidierte Fassung (Fedlex) | G19: Bund (BAFU) | H19: öffentlich | I19: gilt | J19: gilt | K19: gilt | L19: Rechtsgrundlage Bundesinventar: Flachmoore | M19: https://www.fedlex.admin.ch/eli/cc/1994/2092_2092_2092/de | N19: geprüft · OK | O19: Ergänzung · hoch
A20: Bund | B20: Q2 | C20: Verordnung | D20: Verordnung über den Schutz der Amphibienlaichgebiete von nationaler Bedeutung (Amphibienlaichgebiete-Verordnung; AlgV) | E20: SR 451.34 | F20: Erlass 15.06.2001; konsolidierte Fassung (Fedlex) | G20: Bund (BAFU) | H20: öffentlich | I20: gilt | J20: gilt | K20: gilt | L20: Rechtsgrundlage Bundesinventar: Amphibienlaichgebiete | M20: https://www.fedlex.admin.ch/eli/cc/2001/328/de | N20: geprüft · OK | O20: Ergänzung · hoch
A21: Bund | B21: Q2 | C21: Verordnung | D21: Verordnung über den Schutz der Moorlandschaften von besonderer Schönheit und von nationaler Bedeutung (Moorlandschaftsverordnung) | E21: SR 451.35 | F21: Erlass 01.05.1996; konsolidierte Fassung (Fedlex) | G21: Bund (BAFU) | H21: öffentlich | I21: gilt | J21: gilt | K21: gilt | L21: Rechtsgrundlage Bundesinventar: Moorlandschaften | M21: https://www.fedlex.admin.ch/eli/cc/1996/1839_1839_1839/de | N21: geprüft · OK | O21: Ergänzung · hoch
A22: Bund | B22: Q2 | C22: Verordnung | D22: Verordnung über die Pärke von nationaler Bedeutung (Pärkeverordnung, PäV) | E22: SR 451.36 | F22: Erlass 07.11.2007; konsolidierte Fassung (Fedlex) | G22: Bund (BAFU) | H22: öffentlich | I22: gilt | J22: gilt | K22: gilt | L22: Rechtsgrundlage Bundesinventar: Pärke von nationaler Bedeutung | M22: https://www.fedlex.admin.ch/eli/cc/2007/743/de | N22: geprüft · OK | O22: Ergänzung · hoch
A23: Bund | B23: Q2 | C23: Verordnung | D23: Verordnung über den Schutz der Trockenwiesen und -weiden von nationaler Bedeutung (Trockenwiesenverordnung, TwwV) | E23: SR 451.37 | F23: Erlass 13.01.2010; konsolidierte Fassung (Fedlex) | G23: Bund (BAFU) | H23: öffentlich | I23: gilt | J23: gilt | K23: gilt | L23: Rechtsgrundlage Bundesinventar: Trockenwiesen und -weiden | M23: https://www.fedlex.admin.ch/eli/cc/2010/38/de | N23: geprüft · OK | O23: Ergänzung · hoch
A24: Bund | B24: Q2 | C24: Gesetz | D24: Gewässerschutzgesetz (GSchG) | E24: SR 814.20 | F24: konsolidierte Fassung (Fedlex); GSchV Stand 01.08.2025 | G24: Bund (BAFU) | H24: öffentlich | I24: gilt | J24: gilt | K24: gilt | L24: Gewässerschutz, Gewässerraum, Restwasser, Grundwasserschutz | M24: https://www.fedlex.admin.ch/eli/cc/1992/1860_1860_1860/de | N24: geprüft · OK | O24: Katalog · hoch
A25: Bund | B25: Q2 | C25: Gesetz | D25: Gewässerschutzverordnung (GSchV) | E25: SR 814.201 | F25: 01.08.2025 (Fassung lt. Suchtreffer) | G25: Bund (BAFU) | H25: öffentlich | I25: gilt | J25: gilt | K25: gilt | L25: Entwässerungsplanung (Art. 4/5: regionale und kommunale Entwässerungsplanung), Gewässerraum | M25: https://www.fedlex.admin.ch/eli/cc/1998/2863_2863_2863/de | N25: geprüft · OK | O25: Ergänzung · hoch | P25: Art. 5 GSchV = Grundlage GEP
A26: Bund | B26: Q2 | C26: Gesetz | D26: Waldgesetz (WaG) | E26: SR 921.0 | F26: konsolidierte Fassung (Fedlex) | G26: Bund (BAFU) | H26: öffentlich | I26: gilt | J26: gilt | K26: gilt | L26: Waldschutz, Waldabstand, Rodungsverbot | M26: https://www.fedlex.admin.ch/eli/cc/1992/2521_2521_2521/de | N26: geprüft · OK | O26: Katalog · hoch
A27: Bund | B27: Q2 | C27: Gesetz | D27: Waldverordnung (WaV) | E27: SR 921.01 | F27: konsolidierte Fassung (Fedlex) | G27: Bund (BAFU) | H27: öffentlich | I27: gilt | J27: gilt | K27: gilt | L27: Vollzug WaG | M27: https://www.fedlex.admin.ch/eli/cc/1992/2538_2538_2538/de | N27: geprüft · OK | O27: Ergänzung · hoch
A28: Bund | B28: Q2 | C28: Gesetz | D28: Jagdgesetz (JSG) | E28: SR 922.0 | F28: konsolidierte Fassung (Fedlex) | G28: Bund (BAFU) | H28: öffentlich | I28: gilt | J28: gilt | K28: gilt | L28: Wildtierschutz, Banngebiete, Wildtierkorridore | M28: https://www.fedlex.admin.ch/eli/cc/1988/506_506_506/de | N28: geprüft · OK | O28: Ergänzung · hoch
A29: Bund | B29: Q2 | C29: Gesetz | D29: Bundesgesetz über die Fischerei (BGF) | E29: SR 923.0 | F29: konsolidierte Fassung (Fedlex) | G29: Bund (BAFU) | H29: öffentlich | I29: gilt | J29: gilt | K29: gilt | L29: Fischereischutz, Lebensräume, Gewässer | M29: https://www.fedlex.admin.ch/eli/cc/1991/2259_2259_2259/de | N29: geprüft · OK | O29: Ergänzung · hoch
A30: Bund | B30: Q3 / Q4 | C30: Gesetz | D30: Umweltschutzgesetz (USG) | E30: SR 814.01 | F30: konsolidierte Fassung (Fedlex) | G30: Bund (BAFU) | H30: öffentlich | I30: gilt | J30: gilt | K30: gilt | L30: Umweltbelastungen, Emissionen, Lärm, Boden, Störfall | M30: https://www.fedlex.admin.ch/eli/cc/1984/1122_1122_1122/de | N30: geprüft · OK | O30: Katalog · hoch
A31: Bund | B31: Q3 | C31: Gesetz | D31: Energiegesetz (EnG) | E31: SR 730.0 | F31: konsolidierte Fassung (Fedlex) | G31: Bund (BFE) | H31: öffentlich | I31: gilt | J31: gilt | K31: gilt | L31: Bundesrechtliche Energieanforderungen; Gebäudestandards primär kantonal | M31: https://www.fedlex.admin.ch/eli/cc/2017/762/de | N31: geprüft · OK | O31: Katalog · hoch
A32: Bund | B32: Q3 | C32: Gesetz | D32: Energieverordnung (EnV) | E32: SR 730.01 | F32: konsolidierte Fassung (Fedlex) | G32: Bund (BFE) | H32: öffentlich | I32: gilt | J32: gilt | K32: gilt | L32: Vollzug EnG | M32: https://www.fedlex.admin.ch/eli/cc/2017/763/de | N32: geprüft · OK | O32: Ergänzung · hoch
A33: Bund | B33: Q3 | C33: Gesetz | D33: CO₂-Gesetz | E33: SR 641.71 | F33: konsolidierte Fassung (Fedlex) | G33: Bund (BAFU) | H33: öffentlich | I33: gilt | J33: gilt | K33: gilt | L33: Reduktionsziele, Gebäudeprogramm, Lenkungsabgabe | M33: https://www.fedlex.admin.ch/eli/cc/2012/855/de | N33: geprüft · OK | O33: Ergänzung · hoch
A34: Bund | B34: Q3 | C34: Gesetz | D34: CO₂-Verordnung | E34: SR 641.711 | F34: konsolidierte Fassung (Fedlex) | G34: Bund (BAFU) | H34: öffentlich | I34: gilt | J34: gilt | K34: gilt | L34: Reduktionsziele, Gebäudeprogramm, Lenkungsabgabe | M34: https://www.fedlex.admin.ch/eli/cc/2012/856/de | N34: geprüft · OK | O34: Ergänzung · hoch
A35: Bund | B35: Q3 | C35: Gesetz | D35: Klima- und Innovationsgesetz (KlG) | E35: SR 814.310 | F35: konsolidierte Fassung (Fedlex) | G35: Bund (BAFU) | H35: öffentlich | I35: gilt | J35: gilt | K35: gilt | L35: Klimaziel Netto-Null 2050, Zwischenziele, Vorbildfunktion | M35: https://www.fedlex.admin.ch/eli/cc/2023/655/de | N35: geprüft · OK | O35: Katalog · hoch
A36: Bund | B36: Q3 | C36: Gesetz | D36: Bundesgesetz über sichere Stromversorgung mit erneuerbaren Energien (Mantelerlass; Änderung EnG/StromVG) | E36: AS 2024 679 | F36: in Kraft 2025 | G36: Bund (BFE) | H36: öffentlich | I36: gilt | J36: gilt | K36: gilt | L36: Ausbauziele Erneuerbare, Solaranlagen, Raumplanungsbezüge | M36: https://www.fedlex.admin.ch/eli/oc/2024/679/de | N36: geprüft · OK | O36: Ergänzung · hoch | P36: Änderungserlass (Mantelerlass) ohne eigene SR-Nummer; die Änderungen sind in EnG und StromVG konsolidiert
A37: Bund | B37: Q4 | C37: Gesetz | D37: Wasserbaugesetz (WBG) | E37: SR 721.100 | F37: konsolidierte Fassung (Fedlex) | G37: Bund (BAFU) | H37: öffentlich | I37: gilt | J37: gilt | K37: gilt | L37: Hochwasserschutz, Gefahrenkarten, Raumbedarf Gewässer | M37: https://www.fedlex.admin.ch/eli/cc/1993/234_234_234/de | N37: geprüft · OK | O37: Ergänzung · hoch
A38: Bund | B38: Q4 | C38: Gesetz | D38: Wasserbauverordnung (WBV) | E38: SR 721.100.1 | F38: konsolidierte Fassung (Fedlex) | G38: Bund (BAFU) | H38: öffentlich | I38: gilt | J38: gilt | K38: gilt | L38: Vollzug WBG | M38: https://www.fedlex.admin.ch/eli/cc/2025/450/de | N38: geprüft · OK | O38: Ergänzung · hoch
A39: Bund | B39: Q6 | C39: Gesetz | D39: Binnenmarktgesetz (BGBM) | E39: SR 943.02 | F39: konsolidierte Fassung (Fedlex) | G39: Bund (WEKO) | H39: öffentlich | I39: gilt | J39: gilt | K39: gilt | L39: Marktzugang, Vergabegrundsätze für Kantone/Gemeinden | M39: https://www.fedlex.admin.ch/eli/cc/1996/1738_1738_1738/de | N39: geprüft · OK | O39: Ergänzung · hoch
A40: Bund | B40: Q6 | C40: Gesetz | D40: Bundesgesetz über das öffentliche Beschaffungswesen (BöB) | E40: SR 172.056.1 | F40: konsolidierte Fassung (Fedlex) | G40: Bund (BBL / KBOB) | H40: öffentlich | I40: n. a. | J40: n. a. | K40: n. a. | L40: Gilt nur für Bundesvergaben – für Gemeinden nur Orientierung | M40: https://www.fedlex.admin.ch/eli/cc/2020/126/de | N40: geprüft · OK | O40: Ergänzung · hoch | P40: Gemeinden unterstehen kantonalem Recht / IVöB
A41: Bund | B41: Q3 / Q4 | C41: Verordnung | D41: Lärmschutz-Verordnung (LSV) | E41: SR 814.41 | F41: konsolidierte Fassung (Fedlex) | G41: Bund (BAFU) | H41: öffentlich | I41: gilt | J41: gilt | K41: gilt | L41: Lärmgrenzwerte, Empfindlichkeitsstufen | M41: https://www.fedlex.admin.ch/eli/cc/1987/338_338_338/de | N41: geprüft · OK | O41: Ergänzung · hoch
A42: Bund | B42: Q3 / Q4 | C42: Verordnung | D42: Luftreinhalte-Verordnung (LRV) | E42: SR 814.318.142.1 | F42: konsolidierte Fassung (Fedlex) | G42: Bund (BAFU) | H42: öffentlich | I42: gilt | J42: gilt | K42: gilt | L42: Emissionsbegrenzung, Heizungen, Luftqualität | M42: https://www.fedlex.admin.ch/eli/cc/1986/208_208_208/de | N42: geprüft · OK | O42: Ergänzung · hoch
A43: Bund | B43: Q4 | C43: Verordnung | D43: Störfallverordnung (StFV) | E43: SR 814.012 | F43: konsolidierte Fassung (Fedlex) | G43: Bund (BAFU) | H43: öffentlich | I43: gilt | J43: gilt | K43: gilt | L43: Risikovorsorge bei Anlagen/Verkehrswegen; Koordination Raumplanung | M43: https://www.fedlex.admin.ch/eli/cc/1991/748_748_748/de | N43: geprüft · OK | O43: Ergänzung · hoch
A44: Bund | B44: Q3 / Q4 | C44: Verordnung | D44: Verordnung über die Umweltverträglichkeitsprüfung (UVPV) | E44: SR 814.011 | F44: konsolidierte Fassung (Fedlex) | G44: Bund (BAFU) | H44: öffentlich | I44: gilt | J44: gilt | K44: gilt | L44: UVP-Pflicht | M44: https://www.fedlex.admin.ch/eli/cc/1988/1931_1931_1931/de | N44: geprüft · OK | O44: Ergänzung · hoch
A45: Bund | B45: Q3 / Q4 | C45: Verordnung | D45: Altlasten-Verordnung (AltlV) | E45: SR 814.680 | F45: konsolidierte Fassung (Fedlex) | G45: Bund (BAFU) | H45: öffentlich | I45: gilt | J45: gilt | K45: gilt | L45: Belastete Standorte, Kataster | M45: https://www.fedlex.admin.ch/eli/cc/1998/2261_2261_2261/de | N45: geprüft · OK | O45: Ergänzung · hoch
A46: Bund | B46: Q3 / Q4 | C46: Verordnung | D46: Verordnung über die Vermeidung und die Entsorgung von Abfällen (VVEA) | E46: SR 814.600 | F46: konsolidierte Fassung (Fedlex) | G46: Bund (BAFU) | H46: öffentlich | I46: gilt | J46: gilt | K46: gilt | L46: Abfall, Kreislauf, Rückbaumaterial | M46: https://www.fedlex.admin.ch/eli/cc/2015/891/de | N46: geprüft · OK | O46: Ergänzung · hoch
A47: INTERKANTONAL (Konkordat)
A48: Interkantonal | B48: Q6 | C48: Konkordat | D48: Interkantonale Vereinbarung über das öffentliche Beschaffungswesen (IVöB 2019) | E48: – | F48: IVöB 2019 vom 15.11.2019 (kantonal gestaffelt in Kraft) | G48: BPUK | H48: öffentlich | I48: belegt | J48: belegt | K48: belegt | L48: Anwendbares kantonales Recht und Schwellenwerte; Zuschlagskriterien inkl. Nachhaltigkeit/Lebenszyklus | M48: https://www.bpuk.ch/bpuk/konkordate/ivoeb/ivoeb-2019 | N48: geprüft · OK | O48: Katalog · hoch (korrigiert) | P48: Katalog verwies auf die alte IVöB vom 15.03.2001, ersetzt durch IVöB 2019. Beitritt SG und UR per 01.06.2023; BL: Beitrittsdatum nicht verifiziert
A49: KANTON BASEL-LANDSCHAFT → Münchenstein
A50: Kanton BL | B50: Q1 | C50: Gesetz | D50: Raumplanungs- und Baugesetz BL (RBG) | E50: SGS 400 | F50: 01.01.2024 | G50: Kanton BL (BUD) | H50: öffentlich | I50: belegt | J50: n. a. | K50: n. a. | L50: Baubewilligung, Zonenkonformität, Planungsverfahren | M50: https://bl.clex.ch/app/de/texts_of_law/400 | N50: geprüft · OK | O50: Katalog · hoch
A51: Kanton BL | B51: Q1 | C51: Richtplan | D51: Kantonaler Richtplan BL (KRIP, Objektblätter) | E51: – | F51: 01.07.2025 | G51: Kanton BL (BUD / Raumplanung) | H51: öffentlich | I51: belegt | J51: n. a. | K51: n. a. | L51: Festlegungen Siedlung, Landschaft, Verkehr, Infrastruktur | M51: https://bl-api.webcloud7.ch/politik-und-behorden/direktionen/bau-und-umweltschutzdirektion/raumplanung/raumplanung/richtplanung/downloads-richtplanung/objektblatter.pdf?_t=1786003350618 | N51: geprüft · OK | O51: Katalog · hoch
A52: Kanton BL | B52: Q3 | C52: Gesetz | D52: Energiegesetz BL (EnG BL) | E52: SGS 490 | F52: 01.03.2025 | G52: Kanton BL (AUE) | H52: öffentlich | I52: belegt | J52: n. a. | K52: n. a. | L52: Gebäudeenergie, Wärmeerzeugung, Solarpflichten | M52: https://bl.clex.ch/app/de/texts_of_law/490 | N52: geprüft · OK | O52: Katalog · hoch
A53: Kanton BL | B53: Q6 | C53: Verordnung | D53: Verordnung zum Einführungsgesetz IVöB (Vo EG IVöB) | E53: SGS 420.11 | F53: 01.01.2026 | G53: Kanton BL | H53: öffentlich | I53: belegt | J53: n. a. | K53: n. a. | L53: Vergabeverfahren, Eignungs- und Zuschlagskriterien | M53: https://bl.clex.ch/app/de/texts_of_law/420.11 | N53: geprüft · OK | O53: Katalog · hoch | P53: Zugehöriges EG IVöB BL (SGS 420) ist in Mappe 6 erfasst; Beitrittszeitpunkt BL nicht verifiziert
A54: Kanton BL | B54: Q2 / Q5 | C54: Gesetz | D54: Gesetz über den Natur- und Landschaftsschutz (NLG BL) | E54: SGS 790 | F54: Erlass 20.11.1991 | G54: Kanton BL | H54: öffentlich | I54: belegt | J54: n. a. | K54: n. a. | L54: § 8 Natur- und Landschaftsschutzkonzept; § 12 Schutzgebiete; Inventar der geschützten Naturobjekte (Geoportal BL) | M54: https://bl.clex.ch/app/de/texts_of_law/790 | N54: geprüft · OK | O54: Ergänzung · hoch
A55: Kanton BL | B55: Q5 | C55: Gesetz | D55: Gesetz über den Denkmal- und Heimatschutz (DHG BL) | E55: SGS 791 | F55: – | G55: Kanton BL (Denkmalpflege) | H55: öffentlich | I55: belegt | J55: n. a. | K55: n. a. | L55: Unterschutzstellung, Bauinventar, Ortsbildschutz | M55: https://bl.clex.ch/app/de/texts_of_law/791 | N55: geprüft · OK | O55: Ergänzung · hoch
A56: Kanton BL | B56: Q4 | C56: Gesetz | D56: Wasserbaugesetz BL | E56: SGS 445 | F56: – | G56: Kanton BL (Tiefbauamt) | H56: öffentlich | I56: belegt | J56: n. a. | K56: n. a. | L56: Hochwasserschutz, Gefahrenkarten, Gewässerraum | M56: https://bl.clex.ch/app/de/texts_of_law/445 | N56: geprüft · OK | O56: Ergänzung · hoch
A57: KANTON ST. GALLEN → Wil
A58: Kanton SG | B58: Q1 | C58: Gesetz | D58: Planungs- und Baugesetz SG (PBG) | E58: sGS 731.1 | F58: 01.06.2026 | G58: Kanton SG (Amt für Raumentwicklung) | H58: öffentlich | I58: n. a. | J58: belegt | K58: n. a. | L58: Baubewilligung, Zonenkonformität, Planungsverfahren | M58: https://www.gesetzessammlung.sg.ch/app/de/texts_of_law/731.1 | N58: geprüft · OK | O58: Katalog · hoch
A59: Kanton SG | B59: Q1 | C59: Richtplan | D59: Kantonaler Richtplan SG | E59: – | F59: Katalog: kein Stand | G59: Kanton SG | H59: öffentlich | I59: n. a. | J59: belegt | K59: n. a. | L59: Festlegungen Siedlung, Landschaft, Verkehr, Infrastruktur | M59: https://www.sg.ch/bauen/raumentwicklung/kantonaleplanung/richtplanung.html | N59: geprüft · OK | O59: Katalog · hoch | P59: Aktuelle Fassung/Genehmigungsstand ergänzen
A60: Kanton SG | B60: Q3 | C60: Gesetz | D60: Energiegesetz SG | E60: sGS 741.1 | F60: 01.07.2021 | G60: Kanton SG (AFU) | H60: öffentlich | I60: n. a. | J60: belegt | K60: n. a. | L60: Gebäudeenergie, Wärmeerzeugung, Solarpflichten | M60: https://www.gesetzessammlung.sg.ch/app/de/texts_of_law/741.1 | N60: geprüft · OK | O60: Katalog · hoch
A61: Kanton SG | B61: Q4 | C61: Gesetz | D61: Wasserbaugesetz SG (WBG) | E61: sGS 734.1 | F61: – | G61: Kanton SG (Tiefbauamt) | H61: öffentlich | I61: n. a. | J61: belegt | K61: n. a. | L61: Hochwasserschutz, Gefahrenkarten, Gewässerraum | M61: https://www.gesetzessammlung.sg.ch/app/de/texts_of_law/734.1 | N61: geprüft · OK | O61: Ergänzung · hoch
A62: Kanton SG | B62: Q6 | C62: Verordnung | D62: Einführungsgesetz zur IVöB 2019 vom 15.11.2022 (EGöB) | E62: sGS 841.1 | F62: 15.11.2022; Vollzug ab 01.06.2023 | G62: Kanton SG | H62: öffentlich | I62: n. a. | J62: belegt | K62: n. a. | L62: Vergabeverfahren, Eignungs- und Zuschlagskriterien | M62: https://www.gesetzessammlung.sg.ch/app/de/texts_of_law/841.1 | N62: geprüft · OK | O62: Katalog · hoch
A63: Kanton SG | B63: Q2 / Q5 | C63: Verordnung | D63: Naturschutzverordnung SG | E63: sGS 671.1 | F63: Erlass 17.06.1975 | G63: Kanton SG | H63: öffentlich | I63: n. a. | J63: belegt | K63: n. a. | L63: Grundlage für Natur-/Landschaftsschutz; Gemeinden erlassen Schutzverordnungen (Art. 98 ff. PBG) | M63: https://www.gesetzessammlung.sg.ch/app/de/texts_of_law/671.1 | N63: geprüft · OK | O63: Ergänzung · hoch
A64: Kanton SG | B64: Q5 | C64: Verordnung | D64: Verordnung über die Sicherung und Überlieferung von Naturkörpern | E64: sGS 271.53 | F64: – | G64: Kanton SG | H64: öffentlich | I64: n. a. | J64: belegt | K64: n. a. | L64: Schutz von Altertümern (Archäologie/Denkmal) | M64: https://www.gesetzessammlung.sg.ch/app/de/texts_of_law/271.53 | N64: geprüft · OK | O64: Ergänzung · hoch | P64: Nachfolgeerlass der aufgehobenen sGS 271.51 «Verordnung betreffend den Schutz von Naturkörpern und Altertümern» (in Vollzug bis 31.07.2019)
A65: Kanton SG | B65: Q6 | C65: Konkordat | D65: IVöB 2019 (Beitritt SG per 01.06.2023) | E65: sGS 841.51 | F65: 01.06.2023 | G65: Kanton SG | H65: öffentlich | I65: n. a. | J65: belegt | K65: n. a. | L65: Massgebend für alle Vergabeverfahren nach dem 31.05.2023 | M65: https://www.gesetzessammlung.sg.ch/app/de/texts_of_law/841.51 | N65: geprüft · OK | O65: Ergänzung · hoch
A66: Kanton SG | B66: Q6 | C66: Gesetz | D66: Einführungsgesetz zur IVöB 2019 vom 15.11.2022 (EGöB) | E66: sGS 841.1 | F66: 15.11.2022; Vollzug ab 01.06.2023 | G66: Kanton SG | H66: öffentlich | I66: n. a. | J66: belegt | K66: n. a. | L66: Kantonale Umsetzung IVöB | M66: https://www.gesetzessammlung.sg.ch/app/de/texts_of_law/841.1 | N66: geprüft · OK | O66: Ergänzung · hoch
A67: KANTON URI → Seelisberg
A68: Kanton UR | B68: Q1 | C68: Gesetz | D68: Planungs- und Baugesetz Uri (PBG) | E68: RB 40.1111 | F68: 01.01.2022 | G68: Kanton UR | H68: öffentlich | I68: n. a. | J68: n. a. | K68: belegt | L68: Baubewilligung, Zonenkonformität, Planungsverfahren | M68: https://rechtsbuch.ur.ch/app/de/texts_of_law/40.1111 | N68: geprüft · OK | O68: Katalog · hoch
A69: Kanton UR | B69: Q1 | C69: Richtplan | D69: Kantonaler Richtplan Uri | E69: – | F69: 22.01.2024 | G69: Kanton UR | H69: öffentlich | I69: n. a. | J69: n. a. | K69: belegt | L69: Festlegungen Siedlung, Landschaft, Verkehr, Infrastruktur | M69: https://www.ur.ch/_docn/375874/Richtplantext_240122.pdf | N69: geprüft · OK | O69: Katalog · hoch
A70: Kanton UR | B70: Q2 / Q5 | C70: Gesetz | D70: Gesetz über den Natur- und Heimatschutz Uri | E70: RB 10.5101 | F70: – | G70: Kanton UR | H70: öffentlich | I70: n. a. | J70: n. a. | K70: belegt | L70: Kantonale Schutzobjekte, Schutzinventar | M70: https://rechtsbuch.ur.ch/app/de/texts_of_law/10.5101 | N70: geprüft · OK | O70: Ergänzung · hoch
A71: Kanton UR | B71: Q3 | C71: Gesetz | D71: Energiegesetz des Kantons Uri (EnG) | E71: RB 40.7211 | F71: Katalog: 01.01.2000 | G71: Kanton UR | H71: öffentlich | I71: n. a. | J71: n. a. | K71: belegt | L71: Gebäudeenergie, Wärmeerzeugung, Solarpflichten | M71: https://rechtsbuch.ur.ch/app/de/texts_of_law/40.7211 | N71: geprüft · OK | O71: Katalog · hoch | P71: Stand im Katalog (01.01.2000) vermutlich Erstinkrafttreten; massgebend ist die aktuelle Fassung im Rechtsbuch
A72: Kanton UR | B72: Q4 | C72: Gesetz | D72: Wasserbaugesetz Uri (WBG) | E72: RB 40.1211 | F72: – | G72: Kanton UR | H72: öffentlich | I72: n. a. | J72: n. a. | K72: belegt | L72: Hochwasser-/Naturgefahrenschutz, Gefahrenkarten | M72: https://rechtsbuch.ur.ch/app/de/texts_of_law/40.1211 | N72: geprüft · OK | O72: Ergänzung · hoch
A73: Kanton UR | B73: Q6 | C73: Beschluss | D73: Beitritt Kanton Uri zur IVöB 2019 (Landratsbeschluss vom 15.06.2022) | E73: RB 3.3111 | F73: Inkrafttreten 01.06.2023 | G73: Kanton UR (Baudirektion) | H73: öffentlich | I73: n. a. | J73: n. a. | K73: belegt | L73: IVöB 2019 gilt in Uri; frühere Submissionsverordnung aufgehoben | M73: https://rechtsbuch.ur.ch/app/de/texts_of_law/3.3111 | N73: geprüft · OK | O73: Ergänzung · hoch | P73: IVöB im Rechtsbuch Uri (RB 3.3111); Inkrafttreten für Uri 01.06.2023; Submissionsverordnung RB 3.3112 aufgehoben
A74: Kanton UR | B74: Q6 | C74: Reglement | D74: Reglement über den Vollzug der IVöB (Submissionsreglement) | E74: RB 3.3115 | F74: ab 01.06.2023 | G74: Kanton UR (Baudirektion) | H74: öffentlich | I74: n. a. | J74: n. a. | K74: belegt | L74: IVöB 2019 gilt in Uri; frühere Submissionsverordnung aufgehoben | M74: https://rechtsbuch.ur.ch/app/de/texts_of_law/3.3115 | N74: geprüft · OK | O74: Ergänzung · hoch
A75: GEMEINDE MÜNCHENSTEIN (BL)
A76: Gde Münchenstein | B76: Q1 | C76: Reglement | D76: Zonenvorschriften Siedlung | E76: – | F76: 25.02.2025 | G76: Gde Münchenstein | H76: öffentlich | I76: belegt | J76: n. a. | K76: n. a. | L76: Bauweise, Abstände, Höhen, Nutzungsvorgaben | M76: https://oereblex.bl.ch/api/attachments/22718 | N76: geprüft · OK | O76: Katalog · hoch | P76: Mehrfach gelistet, weil das Dokument mehrere Q-Dimensionen abdeckt (Q1, Q2, Q3, Q5)
A77: Gde Münchenstein | B77: Q2 | C77: Reglement | D77: Zonenvorschriften Siedlung | E77: – | F77: 25.02.2025 | G77: Gde Münchenstein | H77: öffentlich | I77: belegt | J77: n. a. | K77: n. a. | L77: Schutzflächen, Gewässerräume, Grünstrukturen | M77: https://oereblex.bl.ch/api/attachments/22718 | N77: geprüft · OK | O77: Katalog · hoch | P77: Mehrfach gelistet, weil das Dokument mehrere Q-Dimensionen abdeckt; Q2-Aspekt: Natur- und Landschaftsschutzfestlegungen
A78: Gde Münchenstein | B78: Q3 | C78: Reglement | D78: Zonenvorschriften Siedlung | E78: – | F78: 25.02.2025 | G78: Gde Münchenstein | H78: öffentlich | I78: belegt | J78: n. a. | K78: n. a. | L78: Allfällige Anschluss-/Versorgungsregeln | M78: https://oereblex.bl.ch/api/attachments/22718 | N78: geprüft · OK | O78: Katalog · hoch | P78: Mehrfach gelistet, weil das Dokument mehrere Q-Dimensionen abdeckt; Q3-Aspekt: Energieplanung / Wärmeversorgung
A79: Gde Münchenstein | B79: Q4 | C79: Reglement | D79: Abwasserreglement (vom 28.10.2020) | E79: TR 5.4 | F79: 07.01.2021 | G79: Gde Münchenstein | H79: öffentlich | I79: belegt | J79: n. a. | K79: n. a. | L79: Entwässerungs- und Retentionsanforderungen | M79: https://www.muenchenstein.ch/_docn/5130739/TR_5.4_Abwasserreglement_vom_28._Oktober_2020_-_Stand_07.01.2021.pdf | N79: geprüft · OK | O79: Katalog · hoch
A80: Gde Münchenstein | B80: Q5 | C80: Reglement | D80: Zonenvorschriften Siedlung | E80: – | F80: 25.02.2025 | G80: Gde Münchenstein | H80: öffentlich | I80: belegt | J80: n. a. | K80: n. a. | L80: Schutzobjekte, Erhaltungs- und Gestaltungsauflagen | M80: https://oereblex.bl.ch/api/attachments/22718 | N80: geprüft · OK | O80: Katalog · hoch | P80: Mehrfach gelistet, weil das Dokument mehrere Q-Dimensionen abdeckt; Q5-Aspekt: Schutzverordnung / Ortsbildvorgaben
A81: Gde Münchenstein | B81: Q6 | C81: Reglement | D81: Gemeindeordnung / Finanzhaushalt- und Beschaffungsreglement | E81: – | F81: – | G81: Gde Münchenstein | H81: öffentlich | I81: belegt | J81: n. a. | K81: n. a. | L81: Ausgaben-/Vertragskompetenzen, kommunale Vergaberegeln | M81: https://www.muenchenstein.ch/_docn/2430218/20180713_Gemeindeordnung_Stand_01.01.2013_publiziert_sw.pdf | N81: geprüft · OK | O81: Ergänzung · hoch | P81: Verlinkt ist die Gemeindeordnung; ein eigenes Finanzhaushalt-/Beschaffungsreglement ist nicht verlinkt
A82: GEMEINDE WIL (SG)
A83: Gde Wil | B83: Q1 | C83: Plan | D83: Zonenplan | E83: – | F83: 14.12.2012 | G83: Gde Wil | H83: öffentlich | I83: n. a. | J83: belegt | K83: n. a. | L83: Bauweise, Abstände, Höhen, Nutzungsvorgaben | M83: https://www.geoportal.ch/wil_sg/map/101?y=2719905.16&x=1258486.88&scale=25000&rotation=0 | N83: geprüft · OK | O83: Katalog · hoch
A84: Gde Wil | B84: Q1 | C84: Reglement | D84: Baureglement Stadt Wil | E84: SRS 7.1-1 | F84: 01.03.2021 | G84: Gde Wil | H84: öffentlich | I84: n. a. | J84: belegt | K84: n. a. | L84: Bauweise, Abstände, Höhen, Nutzungsvorgaben | M84: https://wil-sg.tlex.ch/app/de/texts_of_law/7.1-1 | N84: geprüft · OK | O84: Katalog · hoch
A85: Gde Wil | B85: Q2 / Q5 | C85: Reglement | D85: Reglement zur Schutzverordnung | E85: – | F85: 31.08.2022 | G85: Gde Wil | H85: öffentlich | I85: n. a. | J85: belegt | K85: n. a. | L85: Schutzflächen, Gewässerräume, Grünstrukturen; Schutzobjekte, Gestaltungsauflagen | M85: https://cms.e-mitwirkung.ch/media/wil/Reglement_221013.pdf | N85: geprüft · OK | O85: Katalog · hoch | P85: Reglement enthält auch kantonale Schutzobjekte; Zuständigkeit liegt allein bei der Gde Wil. Verlinkt ist der Entwurf zur öffentlichen Auflage (13.10.2022); die erlassene Fassung ist online nicht auffindbar
A86: Gde Wil | B86: Q3 | C86: Reglement | D86: Kommunale Energieplanung / Wärmeversorgung | E86: SRS 7.1-1 | F86: 01.03.2021 | G86: Gde Wil | H86: öffentlich | I86: n. a. | J86: belegt | K86: n. a. | L86: Allfällige Anschluss-/Versorgungsregeln | M86: https://wil-sg.tlex.ch/app/de/texts_of_law/7.1-1 | N86: geprüft · OK | O86: Katalog · hoch | P86: Keine eigene Energieplanung in der Rechtssammlung Wil; Energievorgaben im Baureglement (SRS 7.1-1)
A87: Gde Wil | B87: Q4 | C87: Reglement | D87: Abwasserreglement | E87: SRS 7.4.3-6 | F87: 43374 | G87: Gde Wil | H87: öffentlich | I87: n. a. | J87: belegt | K87: n. a. | L87: Entwässerungs- und Retentionsanforderungen | M87: https://wil-sg.tlex.ch/app/de/texts_of_law/7.4.3-6 | N87: geprüft · OK | O87: Katalog · hoch
A88: Gde Wil | B88: Q6 | C88: Reglement | D88: Reglement über die Ausgaben- und Vertragskompetenzen der Departemente und Dienststellen | E88: SRS 1.6-4 | F88: Katalog: kein Stand | G88: Gde Wil | H88: öffentlich | I88: n. a. | J88: belegt | K88: n. a. | L88: Lebenszykluskosten und Verantwortlichkeiten projektspezifisch festlegen | M88: https://wil-sg.tlex.ch/app/de/texts_of_law/1.6-4 | N88: geprüft · OK | O88: Katalog · hoch
A89: GEMEINDE SEELISBERG (UR)
A90: Gde Seelisberg | B90: Q1 | C90: Reglement | D90: Bau- und Zonenordnung (BZO) Seelisberg | E90: – | F90: 18.02.2025 | G90: Gde Seelisberg | H90: öffentlich | I90: n. a. | J90: n. a. | K90: belegt | L90: Art. 5–7 Nutzungsplan; Art. 8a Kernzone Sonnenberg (Quartiergestaltungsplanpflicht); Art. 20–23 Schutz; Art. 24 Gefahrenzonen; Art. 26a Quartier-/Gestaltungsplanpflicht | M90: https://www.seelisberg.ch/files/pdf/Bau-und-Zonenordnung-Seelisberg.pdf | N90: geprüft · OK | O90: Katalog · hoch | P90: BZO vom 01.01.2015, Revision 18.02.2025
A91: Gde Seelisberg | B91: Q1 | C91: Plan | D91: Rechtskräftiger Zonenplan / Nutzungsplanung | E91: – | F91: 08.01.2026 | G91: Gde Seelisberg | H91: öffentlich | I91: n. a. | J91: n. a. | K91: belegt | L91: Zulässige Nutzungen, Zonen, Sondernutzungen | M91: https://geo.ur.ch/ | N91: geprüft · OK | O91: Katalog · hoch | P91: Kartenviewer geo.ur.ch (Nutzungsplanung)
A92: Gde Seelisberg | B92: Q2 | C92: Inventar | D92: Kommunales Schutzinventar (Inventarliste Seelisberg) | E92: – | F92: 20.12.2022 | G92: Gde Seelisberg | H92: öffentlich | I92: n. a. | J92: n. a. | K92: belegt | L92: Schutzflächen, Gewässerräume, Grünstrukturen | M92: https://www.ur.ch/_docn/385540/Inventarliste_Seelisberg_Website.pdf | N92: geprüft · OK | O92: Katalog · hoch
A93: Gde Seelisberg | B93: Q4 | C93: Verordnung | D93: Verordnung über die Wasserversorgung | E93: – | F93: 01.01.2020 | G93: Gde Seelisberg | H93: öffentlich | I93: n. a. | J93: n. a. | K93: belegt | L93: Entwässerungs-/Retentionsanforderungen standortbezogen klären | M93: https://www.seelisberg.ch/files/pdf/Verordnung_%C3%BCber_die_Wasserversorgung.pdf | N93: geprüft · OK | O93: Katalog · hoch | P93: Inhaltlich Wasserversorgung, nicht Entwässerung/Retention → Abwasserreglement/GEP Seelisberg fehlt
A94: Gde Seelisberg | B94: Q5 | C94: Verordnung | D94: Bau- und Zonenordnung (BZO) Seelisberg | E94: – | F94: 18.02.2025 | G94: Gde Seelisberg | H94: öffentlich | I94: n. a. | J94: n. a. | K94: belegt | L94: Schutzobjekte, Erhaltungs- und Gestaltungsauflagen | M94: https://www.seelisberg.ch/files/pdf/Bau-und-Zonenordnung-Seelisberg.pdf | N94: geprüft · OK | O94: Katalog · hoch | P94: Mehrfach gelistet, weil das Dokument mehrere Q-Dimensionen abdeckt (Q1, Q5); BZO vom 01.01.2015, Revision 18.02.2025
A95: Gde Seelisberg | B95: Q6 | C95: Reglement | D95: Gemeindeordnung / Finanzhaushalt- und Beschaffungsreglement | E95: – | F95: – | G95: Gde Seelisberg | H95: öffentlich | I95: n. a. | J95: n. a. | K95: belegt | L95: Ausgaben-/Vertragskompetenzen, kommunale Vergaberegeln | M95: https://www.seelisberg.ch/files/pdf/Gemeindeordnung.pdf | N95: geprüft · OK | O95: Ergänzung · hoch | P95: Verlinkt ist die Gemeindeordnung; ein eigenes Finanzhaushalt-/Beschaffungsreglement ist nicht verlinkt

Sheet 2_Q2_Landschaft
A1: 2 · Q2 Landschaft, Kulturland und Biodiversität – Dokumente, Inventare, Geodaten
A2: Öffentliche Quellen je Ebene; nicht öffentliche Daten sind separat markiert (orange). | Gemeinden: Münchenstein (BL), Wil (SG), Seelisberg (UR) | Recherchestand: 14.10.2026
A3: Status: gilt / belegt = Beleg mit Link vorhanden · belegt – Betroffenheit offen = Layer/Inventar existiert, Lage in der Gemeinde per GIS zu prüfen (Blatt 7) · keine Regelung (geprüft) = Ebene regelt nichts, übergeordnetes Recht gilt · nicht belegt (Recherche offen) = bisher kein Beleg · Datenanfrage = nicht öffentlich · n. a. = andere Gebietskörperschaft
A5: Ebene | B5: Q | C5: Typ | D5: Bezeichnung | E5: Referenz (SR/SGS/RB) | F5: Stand | G5: Zuständige Stelle | H5: Zugang | I5: Münchenstein (BL) | J5: Wil (SG) | K5: Seelisberg (UR) | L5: Inhalt / Mindestanforderung | M5: Link / Quelle | N5: Link-Status | O5: Herkunft · Confidence | P5: Prüfnachweis / Hinweis
A6: BUND (gilt für alle drei Gemeinden)
A7: Bund | B7: Q2 | C7: Inventar / Layer | D7: BLN – Bundesinventar der Landschaften und Naturdenkmäler | E7: VBLN | F7: – | G7: BAFU / swisstopo | H7: öffentlich | I7: belegt – Betroffenheit offen | J7: belegt – Betroffenheit offen | K7: belegt – Betroffenheit offen | L7: Landschaften von nationaler Bedeutung; Bundesaufgaben-Bindung | M7: https://map.geo.admin.ch/#/map?lang=de&center=2660000,1190000&z=1&bgLayer=ch.swisstopo.pixelkarte-grau&layers=ch.bafu.bundesinventare-bln | N7: geprüft · korrigiert | O7: Ergänzung · mittel | P7: Seelisberg: Lage im BLN-Gebiet Vierwaldstättersee wahrscheinlich → verifizieren | Linkprüfung 14.10.2026: Hyperlink führte nur auf https://map.geo.admin.ch/ statt auf den angezeigten Link. Alter Link: https://map.geo.admin.ch/#/map?lang=de&center=2660000,1190000&z=1&bgLayer=ch.swisstopo.pixelkarte-grau&layers=ch.bafu.bundesinventare-bln
A8: Bund | B8: Q2 | C8: Inventar / Layer | D8: Bundesinventare Moore, Moorlandschaften, Auen, Amphibienlaichgebiete, Trockenwiesen/-weiden (TWW) | E8: NHG / Inventarverordnungen | F8: – | G8: BAFU | H8: öffentlich | I8: belegt – Betroffenheit offen | J8: belegt – Betroffenheit offen | K8: belegt – Betroffenheit offen | L8: Biotope von nationaler Bedeutung, Pufferzonen | M8: https://map.geo.admin.ch/#/map?lang=de&center=2660000,1190000&z=1&bgLayer=ch.swisstopo.pixelkarte-grau&layers=ch.bafu.bundesinventare-hochmoore | N8: geprüft · korrigiert | O8: Ergänzung · mittel | P8: Betroffenheit je Gemeinde per Geodaten-Overlay prüfen | Linkprüfung 14.10.2026: Hyperlink führte nur auf https://map.geo.admin.ch/ statt auf den angezeigten Link. Alter Link: https://map.geo.admin.ch/#/map?lang=de&center=2660000,1190000&z=1&bgLayer=ch.swisstopo.pixelkarte-grau&layers=ch.bafu.bundesinventare-hochmoore
A9: Bund | B9: Q2 | C9: Inventar / Layer | D9: Jagdbanngebiete, Wasser- und Zugvogelreservate, Smaragd-Gebiete | E9: JSG | F9: – | G9: BAFU | H9: öffentlich | I9: belegt – Betroffenheit offen | J9: belegt – Betroffenheit offen | K9: belegt – Betroffenheit offen | L9: Wildtier- und Vogelschutz | M9: https://map.geo.admin.ch/#/map?lang=de&center=2660000,1190000&z=1&bgLayer=ch.swisstopo.pixelkarte-grau&layers=ch.bafu.bundesinventare-jagdbanngebiete | N9: geprüft · korrigiert | O9: Ergänzung · mittel | P9: Linkprüfung 14.10.2026: Hyperlink führte nur auf https://map.geo.admin.ch/ statt auf den angezeigten Link. Alter Link: https://map.geo.admin.ch/#/map?lang=de&center=2660000,1190000&z=1&bgLayer=ch.swisstopo.pixelkarte-grau&layers=ch.bafu.bundesinventare-jagdbanngebiete
A10: Bund | B10: Q2 | C10: Layer | D10: Wildtierkorridore / Landschaftsverbindungen (überregional) | E10: – | F10: – | G10: BAFU / ASTRA | H10: öffentlich | I10: belegt – Betroffenheit offen | J10: belegt – Betroffenheit offen | K10: belegt – Betroffenheit offen | L10: Vernetzung, Konfliktpotenzial bei Siedlungsentwicklung | M10: https://map.geo.admin.ch/#/map?lang=de&center=2660000,1190000&z=1&bgLayer=ch.swisstopo.pixelkarte-grau&layers=ch.bafu.fauna-wildtierkorridor_national | N10: geprüft · korrigiert | O10: Ergänzung · mittel | P10: Linkprüfung 14.10.2026: Layer-ID ch.bafu.fauna-wildtierkorridore_national existiert nicht, richtig: ch.bafu.fauna-wildtierkorridor_national; Hyperlink führte nur auf https://map.geo.admin.ch/ statt auf den angezeigten Link. Alter Link: https://map.geo.admin.ch/#/map?lang=de&center=2660000,1190000&z=1&bgLayer=ch.swisstopo.pixelkarte-grau&layers=ch.bafu.fauna-wildtierkorridore_national
A11: Bund | B11: Q2 | C11: Layer | D11: Wald: Waldareal, Waldreservate, Schutzwald (Bundesgeodaten) | E11: WaG | F11: – | G11: BAFU | H11: öffentlich | I11: belegt – Betroffenheit offen | J11: belegt – Betroffenheit offen | K11: belegt – Betroffenheit offen | L11: Waldabstand, Rodungsrestriktion | M11: https://map.geo.admin.ch/#/map?lang=de&center=2660000,1190000&z=1&bgLayer=ch.swisstopo.pixelkarte-grau&layers=ch.bafu.waldreservate | N11: geprüft · korrigiert | O11: Ergänzung · mittel | P11: Linkprüfung 14.10.2026: Hyperlink führte nur auf https://map.geo.admin.ch/ statt auf den angezeigten Link. Alter Link: https://map.geo.admin.ch/#/map?lang=de&center=2660000,1190000&z=1&bgLayer=ch.swisstopo.pixelkarte-grau&layers=ch.bafu.waldreservate
A12: Bund | B12: Q2 | C12: Dokument | D12: Sachplan Fruchtfolgeflächen (SP FFF, 2020) und kantonale Mindestkontingente | E12: RPV Art. 26–30 | F12: 2020 | G12: ARE | H12: öffentlich | I12: belegt | J12: belegt | K12: belegt | L12: Kontingent je Kanton; Beanspruchung nur mit Kompensation | M12: https://www.are.admin.ch | N12: Einstiegsseite · geprüft · nur Einstiegsseite | O12: Ergänzung · mittel
A13: Bund | B13: Q2 | C13: Dokument | D13: Landschaftskonzept Schweiz / Strategie Biodiversität Schweiz / Aktionsplan | E13: – | F13: – | G13: BAFU | H13: öffentlich | I13: belegt | J13: belegt | K13: belegt | L13: Strategische Leitplanken für Landschaft und Biodiversität | M13: https://www.bafu.admin.ch | N13: Einstiegsseite · geprüft · nur Einstiegsseite | O13: Ergänzung · mittel
A14: Bund | B14: Q2 | C14: Layer | D14: Gewässernetz, Gewässerschutzkarten, Grundwasserschutzzonen (Bundesdienste) | E14: GSchG | F14: – | G14: BAFU / swisstopo | H14: öffentlich | I14: belegt – Betroffenheit offen | J14: belegt – Betroffenheit offen | K14: belegt – Betroffenheit offen | L14: Gewässerraum, Grundwasserschutz | M14: https://map.geo.admin.ch | N14: geprüft · korrigiert | O14: Ergänzung · mittel | P14: Linkprüfung 14.10.2026: Hyperlink führte nur auf https://map.geo.admin.ch/ statt auf den angezeigten Link. Alter Link: https://map.geo.admin.ch
A15: Bund | B15: Q2 | C15: Layer | D15: Arealstatistik / Bodenbedeckung / Landschaftstypologie | E15: – | F15: – | G15: BFS / ARE | H15: öffentlich | I15: belegt – Betroffenheit offen | J15: belegt – Betroffenheit offen | K15: belegt – Betroffenheit offen | L15: Flächenbilanz, Siedlungsflächenverbrauch | M15: https://www.are.admin.ch | N15: Einstiegsseite · geprüft · nur Einstiegsseite | O15: Ergänzung · mittel
A16: KANTON BASEL-LANDSCHAFT → Münchenstein
A17: Kanton BL | B17: Q2 | C17: Inventar / Layer | D17: Kantonale Schutzinventare / Fruchtfolgeflächen BL | E17: – | F17: Katalog: kein Stand | G17: Kanton BL (Raumplanung / ARP) | H17: öffentlich | I17: belegt | J17: n. a. | K17: n. a. | L17: Schutzobjekte, Kulturlandrestriktionen standortspezifisch erheben (GIS-Overlay, Flächenbilanz) | M17: https://arp-daten.bl.ch/ | N17: Kataster · geprüft · nur Einstiegsseite | O17: Katalog · hoch | P17: Stand ergänzen; FFF und Schutzinventare separat ausweisen
A18: Kanton BL | B18: Q2 | C18: Konzept / Layer | D18: Inventar der geschützten Naturobjekte und Natur- und Landschaftsschutzkonzept BL | E18: – | F18: – | G18: Kanton BL | H18: öffentlich | I18: nicht belegt (Recherche offen) | J18: n. a. | K18: n. a. | L18: Biotopvernetzung, Landschaftsqualität | M18: https://geoview.bl.ch | N18: Kataster · geprüft · nur Einstiegsseite | O18: Ergänzung · tief | P18: Rechtsgrundlage: § 8 und § 12 NLG (SGS 790); Naturschutzgebiets-Verordnungen verweisen auf Geoportal BL
A19: KANTON ST. GALLEN → Wil
A20: Kanton SG | B20: Q2 | C20: Inventar / Layer | D20: Kantonale Natur-/Landschaftsschutzgebiete, Biotope, Vernetzung SG | E20: – | F20: – | G20: Kanton SG | H20: öffentlich | I20: n. a. | J20: nicht belegt (Recherche offen) | K20: n. a. | L20: Im Katalog keine Kantonsebene für Q2 | M20: https://www.geoportal.ch/ktsg | N20: Kataster · geprüft · manuell prüfen | O20: Ergänzung · tief | P20: Rechtsgrundlage vorhanden (Naturschutzverordnung sGS 671.1, Schutzverordnungen der Gemeinden nach Art. 98 ff. PBG); konkrete kantonale Inventar-/Layerliste noch nicht gesichtet | Linkprüfung 14.10.2026: erreichbar, Bezeichnung im Dokument nicht gefunden («Geoportal»)
A21: Kanton SG | B21: Q2 | C21: Layer | D21: Fruchtfolgeflächen (FFF) SG | E21: – | F21: – | G21: Kanton SG | H21: öffentlich | I21: n. a. | J21: nicht belegt (Recherche offen) | K21: n. a. | L21: FFF-Inventar/Kontingent für Wil prüfen | M21: https://www.geoportal.ch/ktsg | N21: Kataster · geprüft · manuell prüfen | O21: Ergänzung · tief | P21: Rechtsgrundlage vorhanden (Naturschutzverordnung sGS 671.1, Schutzverordnungen der Gemeinden nach Art. 98 ff. PBG); konkrete kantonale Inventar-/Layerliste noch nicht gesichtet | Linkprüfung 14.10.2026: erreichbar, Bezeichnung im Dokument nicht gefunden («Geoportal»)
A22: KANTON URI → Seelisberg
A23: Kanton UR | B23: Q2 | C23: Inventar / Layer | D23: Schutzinventare Uri (Schutzobjekte, Kulturlandrestriktionen) | E23: – | F23: 20.03.2026 | G23: Kanton UR | H23: öffentlich | I23: n. a. | J23: n. a. | K23: belegt | L23: Standortspezifisch erheben (GIS-Overlay, Flächenbilanz) | M23: https://geo.ur.ch | N23: Kataster · geprüft · nur Einstiegsseite | O23: Katalog · hoch
A24: Kanton UR | B24: Q2 | C24: Layer | D24: Fruchtfolgeflächen, Natur-/Landschaftsinventare Uri | E24: – | F24: – | G24: Kanton UR | H24: öffentlich | I24: n. a. | J24: n. a. | K24: nicht belegt (Recherche offen) | L24: Landwirtschaft/FFF; Vernetzung | M24: https://geo.ur.ch | N24: Muster · geprüft · nur Einstiegsseite | O24: Ergänzung · tief
A25: GEMEINDE MÜNCHENSTEIN (BL)
A26: Gde Münchenstein | B26: Q2 | C26: Plan / Reglement | D26: Zonenvorschriften Siedlung | E26: – | F26: 25.02.2025 | G26: Gde Münchenstein | H26: öffentlich | I26: belegt | J26: n. a. | K26: n. a. | L26: Schutzflächen, Gewässerräume, Grünstrukturen prüfen (Schutzplan und GIS) | M26: https://oereblex.bl.ch/api/attachments/22718 | N26: manuell geprüft · OK | O26: Katalog · hoch | P26: Manuell geprüft 14.10.2026: Link (oereblex 22718) = Zonenvorschriften Siedlung, OK. Mehrfach gelistet, weil das Dokument mehrere Q-Dimensionen abdeckt (bisherige Bezeichnung: «Natur- und Landschaftsschutzfestlegungen (Zonenvorschriften)»)
A27: Gde Münchenstein | B27: Q2 | C27: Layer | D27: Geoportal Münchenstein (Nutzungsplanung, Grünstrukturen) | E27: – | F27: – | G27: Gde Münchenstein | H27: öffentlich | I27: nicht belegt (Recherche offen) | J27: n. a. | K27: n. a. | L27: Kommunale Layer | M27: https://www.geoportal.ch/muenchenstein | N27: Muster · geprüft · OK | O27: Ergänzung · tief
A28: GEMEINDE WIL (SG)
A29: Gde Wil | B29: Q2 | C29: Reglement / Plan | D29: Reglement zur Schutzverordnung und Schutzplan | E29: – | F29: 31.08.2022 | G29: Gde Wil | H29: öffentlich | I29: n. a. | J29: belegt | K29: n. a. | L29: Schutzflächen, Gewässerräume, Grünstrukturen prüfen | M29: https://cms.e-mitwirkung.ch/media/wil/Reglement_221013.pdf | N29: Kataster · geprüft · Hinweis | O29: Katalog · hoch | P29: Schutzplan als Geodaten verifizieren | Linkprüfung 14.10.2026: Inhalt passt (Treffer: Schutzverordnung) | PDF ist der Entwurf zur öffentlichen Auflage (13.10.2022), nicht die erlassene Fassung; in der Rechtssammlung Wil (tlex) nicht vorhanden
A30: Gde Wil | B30: Q2 | C30: Layer | D30: Geoportal Wil (Nutzungsplanung, Schutzzonen) | E30: – | F30: – | G30: Gde Wil | H30: öffentlich | I30: n. a. | J30: nicht belegt (Recherche offen) | K30: n. a. | L30: Kommunale Layer | M30: https://www.geoportal.ch/wil_sg | N30: Muster · geprüft · OK | O30: Ergänzung · tief
A31: GEMEINDE SEELISBERG (UR)
A32: Gde Seelisberg | B32: Q2 | C32: Inventar | D32: Kommunales Schutzinventar Seelisberg (Inventarliste) | E32: – | F32: 20.12.2022 | G32: Gde Seelisberg | H32: öffentlich | I32: n. a. | J32: n. a. | K32: belegt | L32: Schutzflächen, Gewässerräume, Grünstrukturen prüfen (Schutzplan und GIS) | M32: https://www.ur.ch/_docn/385540/Inventarliste_Seelisberg_Website.pdf | N32: Kataster · geprüft · OK | O32: Katalog · hoch
A33: Gde Seelisberg | B33: Q2 | C33: Reglement | D33: BZO Art. 20–23 Schutzbestimmungen | E33: – | F33: 01.01.2015 | G33: Gde Seelisberg | H33: öffentlich | I33: n. a. | J33: n. a. | K33: belegt | L33: Schutzbestimmungen Landschaft/Natur | M33: https://www.seelisberg.ch/files/pdf/Bau-und-Zonenordnung-Seelisberg.pdf | N33: Kataster · geprüft · OK | O33: Katalog · hoch
A34: GEMEINDEN – nicht öffentliche Daten (Lieferung durch Gemeinde / Kanton)
A35: Gemeinden (alle) | B35: Q2 | C35: Datensatz | D35: Detaillierte Biotop-/Artenfunddaten (z. B. Info Species), Naturschutzverträge, BFF-Bewirtschaftungsverträge | E35: – | F35: – | G35: Kanton / Fachstellen | H35: nicht öffentlich | I35: Datenanfrage (nicht öffentlich) | J35: Datenanfrage (nicht öffentlich) | K35: Datenanfrage (nicht öffentlich) | L35: Standortgenaue Artdaten und Verträge nur eingeschränkt zugänglich | M35: https://www.fedlex.admin.ch | N35: Einstiegsseite · geprüft · nur Einstiegsseite | O35: Ergänzung · mittel | P35: Existenz: hoch (Kanton führt Biotop-/Artdaten und Bewirtschaftungsverträge; NHG Art. 18b). Zugang: Auskunft Fachstelle, teils gesperrt
A36: Gemeinden (alle) | B36: Q2 | C36: Datensatz | D36: Kommunale Pflege-/Unterhaltskonzepte Grünräume, Baumkataster | E36: – | F36: – | G36: Gemeinde | H36: nicht öffentlich | I36: Datenanfrage (nicht öffentlich) | J36: Datenanfrage (nicht öffentlich) | K36: Datenanfrage (nicht öffentlich) | L36: Grünraumbewirtschaftung | M36: https://www.fedlex.admin.ch | N36: Einstiegsseite · geprüft · nur Einstiegsseite | O36: Ergänzung · tief | P36: Existenz: unbekannt (fakultativ, Gemeindegrösse abhängig)

Sheet 3_Q3_Klima_Energie
A1: 3 · Q3 Klimaschutz, Energie und Ressourcen – Dokumente, Inventare, Geodaten
A2: Kontext Raumentwicklung, Städteplanung, Bauvorschriften. | Gemeinden: Münchenstein (BL), Wil (SG), Seelisberg (UR) | Recherchestand: 14.10.2026
A3: Status: gilt / belegt = Beleg mit Link vorhanden · belegt – Betroffenheit offen = Layer/Inventar existiert, Lage in der Gemeinde per GIS zu prüfen (Blatt 7) · keine Regelung (geprüft) = Ebene regelt nichts, übergeordnetes Recht gilt · nicht belegt (Recherche offen) = bisher kein Beleg · Datenanfrage = nicht öffentlich · n. a. = andere Gebietskörperschaft
A5: Ebene | B5: Q | C5: Typ | D5: Bezeichnung | E5: Referenz (SR/SGS/RB) | F5: Stand | G5: Zuständige Stelle | H5: Zugang | I5: Münchenstein (BL) | J5: Wil (SG) | K5: Seelisberg (UR) | L5: Inhalt / Mindestanforderung | M5: Link / Quelle | N5: Link-Status | O5: Herkunft · Confidence | P5: Prüfnachweis / Hinweis
A6: BUND (gilt für alle drei Gemeinden)
A7: Bund | B7: Q3 | C7: Strategie | D7: Langfristige Klimastrategie der Schweiz 2050; Energieperspektiven 2050+ | E7: – | F7: – | G7: BAFU / BFE | H7: öffentlich | I7: belegt | J7: belegt | K7: belegt | L7: Zielpfade Netto-Null, Gebäude- und Wärmesektor | M7: https://www.bafu.admin.ch | N7: Einstiegsseite · geprüft · nur Einstiegsseite | O7: Ergänzung · mittel
A8: Bund | B8: Q3 | C8: Layer | D8: Sonnendach.ch / Sonnenfassade.ch (Solarpotenzial Dächer und Fassaden) | E8: – | F8: – | G8: BFE | H8: öffentlich | I8: belegt – Betroffenheit offen | J8: belegt – Betroffenheit offen | K8: belegt – Betroffenheit offen | L8: Solarpotenzial je Gebäude | M8: https://map.geo.admin.ch/#/map?lang=de&center=2660000,1190000&z=1&bgLayer=ch.swisstopo.pixelkarte-grau&layers=ch.bfe.solarenergie-eignung-daecher | N8: geprüft · korrigiert | O8: Ergänzung · hoch | P8: Linkprüfung 14.10.2026: Hyperlink führte nur auf https://map.geo.admin.ch/ statt auf den angezeigten Link. Alter Link: https://map.geo.admin.ch/#/map?lang=de&center=2660000,1190000&z=1&bgLayer=ch.swisstopo.pixelkarte-grau&layers=ch.bfe.solarenergie-eignung-daecher
A9: Bund | B9: Q3 | C9: Layer | D9: Geothermie-/Erdwärmesonden-Eignung, Windatlas, Wärmenetz-/Fernwärme-Potenzial | E9: – | F9: – | G9: BFE / swisstopo | H9: öffentlich | I9: nicht belegt (Recherche offen) | J9: nicht belegt (Recherche offen) | K9: nicht belegt (Recherche offen) | L9: Energieträger-Potenziale (Wärmeplanung) | M9: https://map.geo.admin.ch | N9: geprüft · korrigiert | O9: Ergänzung · tief | P9: Verfügbarkeit je Layer prüfen | Linkprüfung 14.10.2026: Hyperlink führte nur auf https://map.geo.admin.ch/ statt auf den angezeigten Link. Alter Link: https://map.geo.admin.ch
A10: Bund | B10: Q3 | C10: Statistik | D10: Gebäude- und Wohnungsregister (GWR): Heizungsart, Energieträger, Baujahr | E10: – | F10: – | G10: BFS | H10: öffentlich | I10: belegt | J10: belegt | K10: belegt | L10: Energieträger- und Gebäudebestand je Gemeinde | M10: https://map.geo.admin.ch/#/map?lang=de&center=2660000,1190000&z=1&bgLayer=ch.swisstopo.pixelkarte-grau&layers=ch.bfs.gebaeude_wohnungs_register | N10: geprüft · korrigiert | O10: Ergänzung · hoch | P10: Linkprüfung 14.10.2026: Hyperlink führte nur auf https://map.geo.admin.ch/ statt auf den angezeigten Link. Alter Link: https://map.geo.admin.ch/#/map?lang=de&center=2660000,1190000&z=1&bgLayer=ch.swisstopo.pixelkarte-grau&layers=ch.bfs.gebaeude_wohnungs_register
A11: Bund | B11: Q3 | C11: Statistik | D11: Treibhausgasinventar / Gemeinde-Energie- und CO₂-Bilanzen | E11: – | F11: – | G11: BAFU / BFE | H11: teilw. öffentlich | I11: nicht belegt (Recherche offen) | J11: nicht belegt (Recherche offen) | K11: nicht belegt (Recherche offen) | L11: Ausgangslage für CO₂-Absenkpfad | M11: https://www.bafu.admin.ch | N11: Einstiegsseite · geprüft · nur Einstiegsseite | O11: Ergänzung · tief
A12: Bund | B12: Q3 | C12: Norm / Standard | D12: MuKEn 2014 (Mustervorschriften der Kantone), SIA 2040, SIA 2032 (Graue Energie), SNBS Hochbau, Minergie | E12: – | F12: – | G12: EnDK / SIA / NNBS | H12: kostenpflichtig (Norm) | I12: belegt | J12: belegt | K12: belegt | L12: Referenzrahmen Gebäudestandard, graue Energie, Ressourcen | M12: https://www.sia.ch | N12: Einstiegsseite · geprüft · nur Einstiegsseite | O12: Ergänzung · mittel | P12: Normen kostenpflichtig; Anwendung gemeindespezifisch
A13: KANTON BASEL-LANDSCHAFT → Münchenstein
A14: Kanton BL | B14: Q3 | C14: Gesetz | D14: Energiegesetz BL (EnG BL) | E14: SGS 490 | F14: 01.03.2025 | G14: Kanton BL | H14: öffentlich | I14: belegt | J14: n. a. | K14: n. a. | L14: Gebäudeenergie, Wärmeerzeugung, Solarpflichten | M14: https://bl.clex.ch/app/de/texts_of_law/490 | N14: Kataster · geprüft · OK | O14: Katalog · hoch
A15: Kanton BL | B15: Q3 | C15: Konzept / Layer | D15: Kantonale Energieplanung BL, Energie-/Klimastrategie, Solar-/Wärmepotenzial im Geoportal | E15: – | F15: – | G15: Kanton BL | H15: öffentlich | I15: nicht belegt (Recherche offen) | J15: n. a. | K15: n. a. | L15: Kantonale Zielpfade, Planungsgrundlagen | M15: https://geoview.bl.ch | N15: Muster · geprüft · nur Einstiegsseite | O15: Ergänzung · tief
A16: KANTON ST. GALLEN → Wil
A17: Kanton SG | B17: Q3 | C17: Gesetz | D17: Energiegesetz SG | E17: sGS 741.1 | F17: 01.07.2021 | G17: Kanton SG | H17: öffentlich | I17: n. a. | J17: belegt | K17: n. a. | L17: Gebäudeenergie, Wärmeerzeugung, Solarpflichten | M17: https://www.gesetzessammlung.sg.ch/app/de/texts_of_law/741.1 | N17: Kataster · geprüft · OK | O17: Katalog · hoch
A18: Kanton SG | B18: Q3 | C18: Konzept / Layer | D18: Kantonales Energiekonzept SG, Wärme-/Solarpotenzial im Geoportal | E18: – | F18: – | G18: Kanton SG | H18: öffentlich | I18: n. a. | J18: nicht belegt (Recherche offen) | K18: n. a. | L18: Kantonale Zielpfade, Planungsgrundlagen | M18: https://www.geoportal.ch/ktsg | N18: Muster · geprüft · OK | O18: Ergänzung · tief
A19: KANTON URI → Seelisberg
A20: Kanton UR | B20: Q3 | C20: Gesetz | D20: Kantonale Energiegesetzgebung Uri | E20: RB 40.7211 | F20: Katalog: 01.01.2000 | G20: Kanton UR | H20: öffentlich | I20: n. a. | J20: n. a. | K20: belegt | L20: Gebäudeenergie, Wärmeerzeugung, Solarpflichten | M20: https://rechtsbuch.ur.ch/app/de/texts_of_law/40.7211 | N20: Kataster · geprüft · OK | O20: Katalog · hoch | P20: Aktuelle Fassung prüfen | verlinkte Nummer 40.7211 ist «Energiegesetz des Kantons Uri (EnG)»; Bezeichnung lautet anders
A21: Kanton UR | B21: Q3 | C21: Konzept | D21: Energie-/Klimastrategie Uri, kantonale Energieplanung | E21: – | F21: – | G21: Kanton UR | H21: öffentlich | I21: n. a. | J21: n. a. | K21: nicht belegt (Recherche offen) | L21: Kantonale Zielpfade | M21: https://www.ur.ch | N21: Einstiegsseite · geprüft · nur Einstiegsseite | O21: Ergänzung · tief
A22: GEMEINDE MÜNCHENSTEIN (BL)
A23: Gde Münchenstein | B23: Q3 | C23: Plan / Reglement | D23: Zonenvorschriften Siedlung | E23: – | F23: 25.02.2025 | G23: Gde Münchenstein | H23: öffentlich | I23: belegt | J23: n. a. | K23: n. a. | L23: Allfällige verbindliche Anschluss- oder Versorgungsregeln (Energie-/Wärmeplanabgleich) | M23: https://oereblex.bl.ch/api/attachments/22718 | N23: manuell geprüft · OK | O23: Katalog · hoch | P23: Manuell geprüft 14.10.2026: Link (oereblex 22718) = Zonenvorschriften Siedlung, OK. Mehrfach gelistet, weil das Dokument mehrere Q-Dimensionen abdeckt (bisherige Bezeichnung: «Kommunale Energieplanung / Wärmeversorgung»)
A24: Gde Münchenstein | B24: Q3 | C24: Label | D24: Energiestadt-Label / kommunale Klimaziele | E24: – | F24: – | G24: Gde Münchenstein | H24: öffentlich | I24: nicht belegt (Recherche offen) | J24: n. a. | K24: n. a. | L24: Energiepolitisches Leitbild | M24: https://www.muenchenstein.ch | N24: Einstiegsseite · geprüft · nur Einstiegsseite | O24: Ergänzung · tief
A25: GEMEINDE WIL (SG)
A26: Gde Wil | B26: Q3 | C26: Programm | D26: Kommunales Klimaprogramm Stadt Wil | E26: – | F26: Katalog: kein Stand | G26: Gde Wil | H26: öffentlich | I26: n. a. | J26: belegt | K26: n. a. | L26: Klimaziele, Massnahmen; Verbindlichkeit prüfen (Programm ≠ Erlass) | M26: https://www.stadtwil.ch/storage/0c6b26d62a364629241b9c9e4535a6b58c82d46aeb166b034ae96c29862a1331 | N26: Kataster · geprüft · OK | O26: Katalog · hoch | P26: Stand ergänzen
A27: Gde Wil | B27: Q3 | C27: Plan / Reglement | D27: Kommunale Energieplanung / Wärmeversorgung | E27: SRS 7.1-1 | F27: 01.03.2021 | G27: Gde Wil | H27: öffentlich | I27: n. a. | J27: belegt | K27: n. a. | L27: Allfällige Anschluss-/Versorgungsregeln (Energie-/Wärmeplanabgleich) | M27: https://wil-sg.tlex.ch/app/de/texts_of_law/7.1-1 | N27: Kataster · geprüft · OK | O27: Katalog · hoch | P27: Link identisch mit Baureglement → eigene Energieplanung separat suchen | Referenz SRS 7.1-1 ist das Baureglement; eine eigene Energieplanung ist in der Rechtssammlung Wil nicht vorhanden
A28: Gde Wil | B28: Q3 | C28: Label | D28: Energiestadt-Label Wil | E28: – | F28: – | G28: Gde Wil | H28: öffentlich | I28: n. a. | J28: nicht belegt (Recherche offen) | K28: n. a. | L28: Energiepolitisches Leitbild | M28: https://www.stadtwil.ch | N28: Einstiegsseite · geprüft · nur Einstiegsseite | O28: Ergänzung · tief
A29: GEMEINDE SEELISBERG (UR)
A30: GEMEINDEN – nicht öffentliche Daten (Lieferung durch Gemeinde / Kanton)
A31: Gemeinden (alle) | B31: Q3 | C31: Datensatz | D31: Energieversorger-Daten (Verbrauch, Netzgebiete, Wärmenetze, Anschlussdichte) | E31: – | F31: – | G31: Energieversorger / Gemeinde | H31: nicht öffentlich | I31: Datenanfrage (nicht öffentlich) | J31: Datenanfrage (nicht öffentlich) | K31: Datenanfrage (nicht öffentlich) | L31: Grundlage Wärmeplanung, Absenkpfad | M31: https://www.fedlex.admin.ch | N31: Einstiegsseite · geprüft · nur Einstiegsseite | O31: Ergänzung · mittel | P31: Existenz: hoch (Versorger je Gemeinde vorhanden). Zugang: Datenschutz/Geschäftsgeheimnis → Anfrage
A32: Gemeinden (alle) | B32: Q3 | C32: Datensatz | D32: Gebäudebezogener Sanierungsstand, Heizungsregister, kommunale Gebäude-Energiebuchhaltung | E32: – | F32: – | G32: Gemeinde / Kanton | H32: nicht öffentlich | I32: Datenanfrage (nicht öffentlich) | J32: Datenanfrage (nicht öffentlich) | K32: Datenanfrage (nicht öffentlich) | L32: Gemeindeeigene Bauten, CO₂-Ausgangslage | M32: https://www.fedlex.admin.ch | N32: Einstiegsseite · geprüft · nur Einstiegsseite | O32: Ergänzung · mittel | P32: Existenz: mittel (Gebäudeprogramm/Feuerungskontrolle vorhanden, Aufbereitung offen)

Sheet 4_Q4_Resilienz
A1: 4 · Q4 Klimaanpassung und Resilienz – Dokumente, Inventare, Geodaten
A2: Kontext Raumentwicklung, Städteplanung, Bauvorschriften. | Gemeinden: Münchenstein (BL), Wil (SG), Seelisberg (UR) | Recherchestand: 14.10.2026
A3: Status: gilt / belegt = Beleg mit Link vorhanden · belegt – Betroffenheit offen = Layer/Inventar existiert, Lage in der Gemeinde per GIS zu prüfen (Blatt 7) · keine Regelung (geprüft) = Ebene regelt nichts, übergeordnetes Recht gilt · nicht belegt (Recherche offen) = bisher kein Beleg · Datenanfrage = nicht öffentlich · n. a. = andere Gebietskörperschaft
A5: Ebene | B5: Q | C5: Typ | D5: Bezeichnung | E5: Referenz (SR/SGS/RB) | F5: Stand | G5: Zuständige Stelle | H5: Zugang | I5: Münchenstein (BL) | J5: Wil (SG) | K5: Seelisberg (UR) | L5: Inhalt / Mindestanforderung | M5: Link / Quelle | N5: Link-Status | O5: Herkunft · Confidence | P5: Prüfnachweis / Hinweis
A6: BUND (gilt für alle drei Gemeinden)
A7: Bund | B7: Q4 | C7: Layer | D7: Naturgefahren: Gefahrenhinweiskarte / Portal (Daten der Kantone, via geo.admin.ch) | E7: – | F7: Katalog: 04.02.2026 | G7: BAFU (Portal) / Kantone | H7: öffentlich | I7: belegt | J7: belegt | K7: belegt | L7: Gefahren und Nutzungseinschränkungen standortspezifisch prüfen | M7: https://www.geo.admin.ch/ | N7: Kataster · geprüft · nur Einstiegsseite | O7: Katalog · hoch | P7: Gefahrenkarten sind kantonale Daten; Bund stellt Hinweiskarte/Portal
A8: Bund | B8: Q4 | C8: Layer | D8: Gefährdungskarte Oberflächenabfluss (Starkregen) | E8: – | F8: – | G8: BAFU / VKF | H8: öffentlich | I8: belegt – Betroffenheit offen | J8: belegt – Betroffenheit offen | K8: belegt – Betroffenheit offen | L8: Starkregen-/Oberflächenabfluss-Gefährdung | M8: https://map.geo.admin.ch/#/map?lang=de&center=2660000,1190000&z=1&bgLayer=ch.swisstopo.pixelkarte-grau&layers=ch.bafu.gefaehrdungskarte-oberflaechenabfluss | N8: geprüft · korrigiert | O8: Ergänzung · mittel | P8: Linkprüfung 14.10.2026: Layer-ID ch.bafu.gefahren-oberflaechenabfluss existiert nicht, richtig: ch.bafu.gefaehrdungskarte-oberflaechenabfluss; Hyperlink führte nur auf https://map.geo.admin.ch/ statt auf den angezeigten Link. Alter Link: https://map.geo.admin.ch/#/map?lang=de&center=2660000,1190000&z=1&bgLayer=ch.swisstopo.pixelkarte-grau&layers=ch.bafu.gefahren-oberflaechenabfluss
A9: Bund | B9: Q4 | C9: Dokument / Daten | D9: Klimaszenarien CH2018 / Hydro-CH2018 / Klimaszenarien 2025; Strategie Anpassung an den Klimawandel | E9: – | F9: – | G9: MeteoSchweiz / BAFU | H9: öffentlich | I9: belegt | J9: belegt | K9: belegt | L9: Klimaprojektionen, Hitze, Trockenheit, Starkniederschlag | M9: https://www.bafu.admin.ch | N9: Einstiegsseite · geprüft · nur Einstiegsseite | O9: Ergänzung · mittel
A10: Bund | B10: Q4 | C10: Layer | D10: Hitzebelastung / Klimaanalyse (urbane Wärmeinseln, Bundesdaten) | E10: – | F10: – | G10: BAFU / MeteoSchweiz | H10: öffentlich | I10: nicht belegt (Recherche offen) | J10: nicht belegt (Recherche offen) | K10: nicht belegt (Recherche offen) | L10: Hitzevorsorge Siedlungsgebiet | M10: https://www.bafu.admin.ch | N10: Einstiegsseite · geprüft · nur Einstiegsseite | O10: Ergänzung · tief | P10: Abdeckung für kleine Gemeinden prüfen
A11: Bund | B11: Q4 | C11: Layer / Norm | D11: Erdbebengefährdung / Mikrozonierung (SED), SIA 261 Bauwerksklassen | E11: – | F11: – | G11: SED / SIA | H11: teilw. öffentlich | I11: belegt – Betroffenheit offen | J11: belegt – Betroffenheit offen | K11: belegt – Betroffenheit offen | L11: Baugrund-Klassen, Bauvorschriften | M11: https://map.geo.admin.ch/#/map?lang=de&center=2660000,1190000&z=1&bgLayer=ch.swisstopo.pixelkarte-grau&layers=ch.bafu.gefahren-baugrundklassen | N11: geprüft · korrigiert | O11: Ergänzung · mittel | P11: Linkprüfung 14.10.2026: Hyperlink führte nur auf https://map.geo.admin.ch/ statt auf den angezeigten Link. Alter Link: https://map.geo.admin.ch/#/map?lang=de&center=2660000,1190000&z=1&bgLayer=ch.swisstopo.pixelkarte-grau&layers=ch.bafu.gefahren-baugrundklassen
A12: Bund | B12: Q4 | C12: Layer | D12: Lärmbelastung (sonBASE), Störfall-Risikokataster, Kataster belasteter Standorte (Bundesbezug) | E12: USG / StFV / AltlV | F12: – | G12: BAFU / Kantone | H12: teilw. öffentlich | I12: belegt – Betroffenheit offen | J12: belegt – Betroffenheit offen | K12: belegt – Betroffenheit offen | L12: Belastungen, Standortrestriktionen | M12: https://map.geo.admin.ch/#/map?lang=de&center=2660000,1190000&z=1&bgLayer=ch.swisstopo.pixelkarte-grau&layers=ch.bafu.laerm-strassenlaerm_tag | N12: geprüft · korrigiert | O12: Ergänzung · mittel | P12: Linkprüfung 14.10.2026: Hyperlink führte nur auf https://map.geo.admin.ch/ statt auf den angezeigten Link. Alter Link: https://map.geo.admin.ch/#/map?lang=de&center=2660000,1190000&z=1&bgLayer=ch.swisstopo.pixelkarte-grau&layers=ch.bafu.laerm-strassenlaerm_tag
A13: KANTON BASEL-LANDSCHAFT → Münchenstein
A14: Kanton BL | B14: Q4 | C14: Layer | D14: Kantonale Naturgefahrenkarten BL (Wasser-, Sturz-, Rutschgefahren) | E14: – | F14: Katalog: 28.11.2005 | G14: Kanton BL | H14: öffentlich | I14: belegt | J14: n. a. | K14: n. a. | L14: Gefährdung und allfällige Nutzungsauflagen prüfen | M14: https://geoview.bl.ch/ | N14: Kataster · geprüft · nur Einstiegsseite | O14: Katalog · hoch | P14: Stand 2005 → Aktualität prüfen
A15: Kanton BL | B15: Q4 | C15: Layer | D15: Kantonale Hitze-/Klimaanalyse, Oberflächenabfluss, Lärm- und Altlastenkataster BL | E15: – | F15: – | G15: Kanton BL | H15: öffentlich | I15: nicht belegt (Recherche offen) | J15: n. a. | K15: n. a. | L15: Hitze, Starkregen, Belastungen | M15: https://geoview.bl.ch | N15: Muster · geprüft · nur Einstiegsseite | O15: Ergänzung · tief
A16: KANTON ST. GALLEN → Wil
A17: Kanton SG | B17: Q4 | C17: Layer | D17: Kantonale Naturgefahrenkarten SG | E17: – | F17: Katalog: 03.09.2026 | G17: Kanton SG | H17: öffentlich | I17: n. a. | J17: belegt | K17: n. a. | L17: Gefährdung und allfällige Nutzungsauflagen prüfen | M17: https://www.geoportal.ch/ktsg/map/3502?y=2721138&x=1258009&scale=50000&rotation=0 | N17: geprüft · korrigiert | O17: Katalog · hoch | P17: Linkprüfung 14.10.2026: Kartenzentrum lag rund 6 km südlich von Wil; auf Wil zentriert. Alter Link: https://www.geoportal.ch/ktsg/map/3502?y=2717572.22&x=1252351.20&scale=50000&rotation=0
A18: Kanton SG | B18: Q4 | C18: Layer | D18: Hitze-/Klimaanalyse, Oberflächenabfluss, Lärm- und Altlastenkataster SG | E18: – | F18: – | G18: Kanton SG | H18: öffentlich | I18: n. a. | J18: nicht belegt (Recherche offen) | K18: n. a. | L18: Hitze, Starkregen, Belastungen | M18: https://www.geoportal.ch/ktsg | N18: Muster · geprüft · manuell prüfen | O18: Ergänzung · tief | P18: Linkprüfung 14.10.2026: erreichbar, Bezeichnung im Dokument nicht gefunden («Geoportal»)
A19: KANTON URI → Seelisberg
A20: Kanton UR | B20: Q4 | C20: Layer | D20: Kantonale Naturgefahrenkarten Uri | E20: – | F20: 22.08.2023 | G20: Kanton UR | H20: öffentlich | I20: n. a. | J20: n. a. | K20: belegt | L20: Gefährdung und allfällige Nutzungsauflagen prüfen | M20: https://geo.ur.ch/ | N20: Kataster · geprüft · nur Einstiegsseite | O20: Katalog · hoch | P20: Seelisberg: Sturz-/Rutschgefahr erwartbar → Gefahrenstufen im Perimeter auswerten
A21: Kanton UR | B21: Q4 | C21: Layer | D21: Schutzwald, Lawinen-/Steinschlagschutz, Lärm-/Altlastenkataster Uri | E21: – | F21: – | G21: Kanton UR | H21: öffentlich | I21: n. a. | J21: n. a. | K21: nicht belegt (Recherche offen) | L21: Schutzbauten, Belastungen | M21: https://geo.ur.ch/ | N21: Muster · geprüft · nur Einstiegsseite | O21: Ergänzung · tief
A22: GEMEINDE MÜNCHENSTEIN (BL)
A23: Gde Münchenstein | B23: Q4 | C23: Reglement | D23: Abwasserreglement (28.10.2020) | E23: TR 5.4 | F23: 07.01.2021 | G23: Gde Münchenstein | H23: öffentlich | I23: belegt | J23: n. a. | K23: n. a. | L23: Entwässerungs- und Retentionsanforderungen | M23: https://www.muenchenstein.ch/_docn/5130739/TR_5.4_Abwasserreglement_vom_28._Oktober_2020_-_Stand_07.01.2021.pdf | N23: Kataster · geprüft · OK | O23: Katalog · hoch
A24: Gde Münchenstein | B24: Q4 | C24: Layer | D24: Generelle Entwässerungsplanung (GEP) / Starkregengrundlagen (Geoportal) | E24: – | F24: Katalog: kein Stand | G24: Gde Münchenstein | H24: teilw. öffentlich | I24: belegt | J24: n. a. | K24: n. a. | L24: GEP- und Starkregenprüfung | M24: https://www.geoportal.ch/muenchenstein/map/1037?y=2611563.50&x=1263436.40&scale=25000&rotation=0 | N24: Kataster · geprüft · OK | O24: Katalog · hoch | P24: Einsehbar ohne Attribute, externe Legende; Bezug bei Baudirektion
A25: GEMEINDE WIL (SG)
A26: Gde Wil | B26: Q4 | C26: Reglement | D26: Abwasserreglement | E26: SRS 7.4.3-6 | F26: Katalog: kein Stand | G26: Gde Wil | H26: öffentlich | I26: n. a. | J26: belegt | K26: n. a. | L26: Entwässerungs- und Retentionsanforderungen | M26: https://wil-sg.tlex.ch/app/de/texts_of_law/7.4.3-6 | N26: geprüft · korrigiert | O26: Katalog · hoch | P26: Linkprüfung 14.10.2026: Link zeigte auf einen Entwurf («vom ____»); geltende Fassung = SRS 7.4.3-6 (Titel lt. Sammlung: «Abwasserreglement»). Alter Link: https://www.stadtwil.ch/storage/8ae27a52e6272acbe7a00ddad257f439fbae9a367f80166a75d97ea28f6771cf
A27: Gde Wil | B27: Q4 | C27: Plan | D27: GEP / Starkregenkarte Wil | E27: – | F27: – | G27: Gde Wil | H27: öffentlich | I27: n. a. | J27: nicht belegt (Recherche offen) | K27: n. a. | L27: Im Katalog nicht belegt | M27: https://www.stadtwil.ch | N27: Einstiegsseite · geprüft · nur Einstiegsseite | O27: Ergänzung · tief
A28: GEMEINDE SEELISBERG (UR)
A29: Gde Seelisberg | B29: Q4 | C29: Verordnung | D29: Verordnung über die Wasserversorgung | E29: – | F29: 01.01.2020 | G29: Gde Seelisberg | H29: öffentlich | I29: n. a. | J29: n. a. | K29: belegt | L29: Wasserversorgung; Entwässerung/Retention damit nicht abgedeckt | M29: https://www.seelisberg.ch/files/pdf/Verordnung_%C3%BCber_die_Wasserversorgung.pdf | N29: Kataster · geprüft · OK | O29: Katalog · hoch
A30: Gde Seelisberg | B30: Q4 | C30: Reglement | D30: BZO Art. 24 Gefahrenzonen | E30: – | F30: 01.01.2015 | G30: Gde Seelisberg | H30: öffentlich | I30: n. a. | J30: n. a. | K30: belegt | L30: Gefahrenzonen in der Nutzungsplanung | M30: https://www.seelisberg.ch/files/pdf/Bau-und-Zonenordnung-Seelisberg.pdf | N30: Kataster · geprüft · OK | O30: Katalog · hoch
A31: Gde Seelisberg | B31: Q4 | C31: Plan | D31: Abwasserreglement / GEP Seelisberg | E31: – | F31: – | G31: Gde Seelisberg | H31: öffentlich | I31: n. a. | J31: n. a. | K31: nicht belegt (Recherche offen) | L31: Im Katalog nicht belegt | M31: https://www.seelisberg.ch | N31: Einstiegsseite · geprüft · nur Einstiegsseite | O31: Ergänzung · tief
A32: GEMEINDEN – nicht öffentliche Daten (Lieferung durch Gemeinde / Kanton)
A33: Gemeinden (alle) | B33: Q4 | C33: Datensatz | D33: GEP-Sachdaten, Notfall-/Katastrophenkonzepte, Gefährdungsanalysen (KATAPLAN), Hochwasser-Einsatzplanung | E33: – | F33: – | G33: Gemeinde / Kanton | H33: nicht öffentlich | I33: Datenanfrage (nicht öffentlich) | J33: Datenanfrage (nicht öffentlich) | K33: Datenanfrage (nicht öffentlich) | L33: Operative Resilienz-Grundlagen | M33: https://www.fedlex.admin.ch | N33: Einstiegsseite · geprüft · nur Einstiegsseite | O33: Ergänzung · mittel | P33: Existenz: mittel bis hoch (Gefährdungsanalyse/Bevölkerungsschutz Pflicht auf kantonaler Ebene, Detailstand offen)
A34: Gemeinden (alle) | B34: Q4 | C34: Datensatz | D34: Gebäudeversicherung: Elementarschaden-Daten, Objektschutz-Nachweise | E34: – | F34: – | G34: Kant. Gebäudeversicherung | H34: nicht öffentlich | I34: Datenanfrage (nicht öffentlich) | J34: Datenanfrage (nicht öffentlich) | K34: Datenanfrage (nicht öffentlich) | L34: Schadenshistorie | M34: https://www.fedlex.admin.ch | N34: Einstiegsseite · geprüft · nur Einstiegsseite | O34: Ergänzung · tief | P34: Existenz: hoch (kantonale Gebäudeversicherungen führen Schadendaten; Zugang nur auf Anfrage)

Sheet 5_Q5_Ortsbild
A1: 5 · Q5 Ortsbild und Baukultur – Dokumente, Inventare, Geodaten
A2: Kontext Raumentwicklung, Städteplanung, Bauvorschriften. | Gemeinden: Münchenstein (BL), Wil (SG), Seelisberg (UR) | Recherchestand: 14.10.2026
A3: Status: gilt / belegt = Beleg mit Link vorhanden · belegt – Betroffenheit offen = Layer/Inventar existiert, Lage in der Gemeinde per GIS zu prüfen (Blatt 7) · keine Regelung (geprüft) = Ebene regelt nichts, übergeordnetes Recht gilt · nicht belegt (Recherche offen) = bisher kein Beleg · Datenanfrage = nicht öffentlich · n. a. = andere Gebietskörperschaft
A5: Ebene | B5: Q | C5: Typ | D5: Bezeichnung | E5: Referenz (SR/SGS/RB) | F5: Stand | G5: Zuständige Stelle | H5: Zugang | I5: Münchenstein (BL) | J5: Wil (SG) | K5: Seelisberg (UR) | L5: Inhalt / Mindestanforderung | M5: Link / Quelle | N5: Link-Status | O5: Herkunft · Confidence | P5: Prüfnachweis / Hinweis
A6: BUND (gilt für alle drei Gemeinden)
A7: Bund | B7: Q5 | C7: Inventar / Layer | D7: ISOS – Bundesinventar schützenswerter Ortsbilder der Schweiz | E7: VISOS | F7: Katalog: 01.06.2026 | G7: BAK | H7: öffentlich | I7: belegt | J7: belegt | K7: belegt | L7: Schutz- und Abwägungspflichten je nach Vorhaben und Rechtskontext (ISOS-/Ortsbildprüfung) | M7: https://map.geo.admin.ch/#/map?lang=de&center=2660000,1190000&z=1&bgLayer=ch.swisstopo.pixelkarte-grau&layers=ch.bak.bundesinventar-schuetzenswerte-ortsbilder | N7: geprüft · korrigiert | O7: Katalog · hoch | P7: Einstufung je Ortsbild (Aufnahmekategorie, Erhaltungsziele) je Gemeinde auswerten | Linkprüfung 14.10.2026: Hyperlink führte nur auf https://map.geo.admin.ch/ statt auf den angezeigten Link. Alter Link: https://map.geo.admin.ch/#/map?lang=de&center=2660000,1190000&z=1&bgLayer=ch.swisstopo.pixelkarte-grau&layers=ch.bak.bundesinventar-schuetzenswerte-ortsbilder
A8: Bund | B8: Q5 | C8: Inventar / Layer | D8: IVS – Inventar historischer Verkehrswege der Schweiz | E8: VIVS | F8: – | G8: ASTRA | H8: öffentlich | I8: belegt – Betroffenheit offen | J8: belegt – Betroffenheit offen | K8: belegt – Betroffenheit offen | L8: Historische Wege, Substanz-/Verlaufsschutz | M8: https://map.geo.admin.ch/#/map?lang=de&center=2660000,1190000&z=1&bgLayer=ch.swisstopo.pixelkarte-grau&layers=ch.astra.ivs-nat | N8: geprüft · korrigiert | O8: Ergänzung · mittel | P8: Linkprüfung 14.10.2026: Hyperlink führte nur auf https://map.geo.admin.ch/ statt auf den angezeigten Link. Alter Link: https://map.geo.admin.ch/#/map?lang=de&center=2660000,1190000&z=1&bgLayer=ch.swisstopo.pixelkarte-grau&layers=ch.astra.ivs-nat
A9: Bund | B9: Q5 | C9: Inventar / Layer | D9: KGS-Inventar (Kulturgüter von nationaler/regionaler Bedeutung) | E9: – | F9: – | G9: BABS | H9: öffentlich | I9: belegt – Betroffenheit offen | J9: belegt – Betroffenheit offen | K9: belegt – Betroffenheit offen | L9: Schutzobjekte, Pufferbereiche | M9: https://map.geo.admin.ch/#/map?lang=de&center=2660000,1190000&z=1&bgLayer=ch.swisstopo.pixelkarte-grau&layers=ch.babs.kulturgueter | N9: geprüft · korrigiert | O9: Ergänzung · mittel | P9: Linkprüfung 14.10.2026: Hyperlink führte nur auf https://map.geo.admin.ch/ statt auf den angezeigten Link. Alter Link: https://map.geo.admin.ch/#/map?lang=de&center=2660000,1190000&z=1&bgLayer=ch.swisstopo.pixelkarte-grau&layers=ch.babs.kulturgueter
A10: Bund | B10: Q5 | C10: Inventar / Layer | D10: BLN (Landschaftsbild / Kulturlandschaft) – Querbezug Q2 | E10: VBLN | F10: – | G10: BAFU | H10: öffentlich | I10: belegt – Betroffenheit offen | J10: belegt – Betroffenheit offen | K10: belegt – Betroffenheit offen | L10: Landschaftsprägende Elemente | M10: https://map.geo.admin.ch/#/map?lang=de&center=2660000,1190000&z=1&bgLayer=ch.swisstopo.pixelkarte-grau&layers=ch.bafu.bundesinventare-bln | N10: geprüft · korrigiert | O10: Ergänzung · mittel | P10: Linkprüfung 14.10.2026: Hyperlink führte nur auf https://map.geo.admin.ch/ statt auf den angezeigten Link. Alter Link: https://map.geo.admin.ch/#/map?lang=de&center=2660000,1190000&z=1&bgLayer=ch.swisstopo.pixelkarte-grau&layers=ch.bafu.bundesinventare-bln
A11: Bund | B11: Q5 | C11: Strategie / Leitfaden | D11: Strategie Baukultur des Bundes; Davos Qualitätssystem; Leitfäden BAK | E11: – | F11: – | G11: BAK | H11: öffentlich | I11: belegt | J11: belegt | K11: belegt | L11: Qualitätskriterien für Baukultur | M11: https://www.bak.admin.ch | N11: Einstiegsseite · geprüft · nur Einstiegsseite | O11: Ergänzung · mittel
A12: KANTON BASEL-LANDSCHAFT → Münchenstein
A13: Kanton BL | B13: Q5 | C13: Inventar / Layer | D13: Inventar der Kulturdenkmäler (IKD) BL | E13: – | F13: Katalog: kein Stand | G13: Kanton BL (Denkmalpflege) | H13: öffentlich | I13: belegt | J13: n. a. | K13: n. a. | L13: Schutzwürdigkeit und Schutzstatus betroffener Objekte prüfen (Inventarabgleich) | M13: https://www.geoportal.ch/muenchenstein/map/912?y=2611965.69&x=1263213.43&scale=17500&rotation=0 | N13: Kataster · geprüft · manuell prüfen | O13: Katalog · hoch | P13: Stand ergänzen | Linkprüfung 14.10.2026: erreichbar, Bezeichnung im Dokument nicht gefunden («Geoportal»)
A14: Kanton BL | B14: Q5 | C14: Inventar | D14: Kantonales Bauinventar BL (BIB) / Denkmalverzeichnis | E14: – | F14: – | G14: Kanton BL | H14: öffentlich | I14: nicht belegt (Recherche offen) | J14: n. a. | K14: n. a. | L14: Schützenswerte/erhaltenswerte Bauten | M14: https://www.baselland.ch | N14: Einstiegsseite · geprüft · manuell prüfen | O14: Ergänzung · tief | P14: Linkprüfung 14.10.2026: Server blockiert automatische Abfragen (HTTP 403); im Browser prüfen
A15: KANTON ST. GALLEN → Wil
A16: Kanton SG | B16: Q5 | C16: Inventar / Layer | D16: Kantonales Denkmalverzeichnis / Hinweisinventar SG | E16: – | F16: – | G16: Kanton SG (Denkmalpflege) | H16: öffentlich | I16: n. a. | J16: nicht belegt (Recherche offen) | K16: n. a. | L16: Im Katalog keine Kantonsebene für Q5 | M16: https://www.geoportal.ch/ktsg | N16: Muster · geprüft · manuell prüfen | O16: Ergänzung · tief | P16: Wil: Altstadt, historische Bauten → Inventar sichten | Linkprüfung 14.10.2026: erreichbar, Bezeichnung im Dokument nicht gefunden («Geoportal»)
A17: KANTON URI → Seelisberg
A18: Kanton UR | B18: Q5 | C18: Inventar / Layer | D18: Kantonale Denkmal- und Ortsbildinventare Uri | E18: – | F18: 20.03.2026 | G18: Kanton UR | H18: öffentlich | I18: n. a. | J18: n. a. | K18: belegt | L18: Schutzwürdigkeit und Schutzstatus betroffener Objekte prüfen (Inventarabgleich) | M18: https://geo.ur.ch | N18: Kataster · geprüft · nur Einstiegsseite | O18: Katalog · hoch
A19: Kanton UR | B19: Q5 | C19: Inventar / Layer | D19: Kantonales Schutzinventar Seelisberg | E19: – | F19: 20.03.2026 | G19: Kanton UR / Gde Seelisberg | H19: öffentlich | I19: n. a. | J19: n. a. | K19: belegt | L19: Geschützte Objekte und Landschaftsteile identifizieren | M19: https://geo.ur.ch | N19: Kataster · geprüft · nur Einstiegsseite | O19: Katalog · hoch
A20: GEMEINDE MÜNCHENSTEIN (BL)
A21: Gde Münchenstein | B21: Q5 | C21: Reglement | D21: Zonenvorschriften Siedlung | E21: – | F21: 25.02.2025 | G21: Gde Münchenstein | H21: öffentlich | I21: belegt | J21: n. a. | K21: n. a. | L21: Schutzobjekte, Erhaltungs- und Gestaltungsauflagen (Schutzplan und Gestaltungsnachweis) | M21: https://oereblex.bl.ch/api/attachments/22718 | N21: manuell geprüft · OK | O21: Katalog · hoch | P21: Manuell geprüft 14.10.2026: Link (oereblex 22718) = Zonenvorschriften Siedlung, OK. Mehrfach gelistet, weil das Dokument mehrere Q-Dimensionen abdeckt (bisherige Bezeichnung: «Kommunale Schutzverordnung / Ortsbildvorgaben (Zonenvorschriften)»)
A22: Gde Münchenstein | B22: Q5 | C22: Layer | D22: Geoportal Münchenstein: Ortsbild-/Denkmal-Layer | E22: – | F22: – | G22: Gde Münchenstein | H22: öffentlich | I22: nicht belegt (Recherche offen) | J22: n. a. | K22: n. a. | L22: Kommunale Layer | M22: https://www.geoportal.ch/muenchenstein | N22: Muster · geprüft · OK | O22: Ergänzung · tief
A23: GEMEINDE WIL (SG)
A24: Gde Wil | B24: Q5 | C24: Reglement | D24: Reglement zur Schutzverordnung (Schutzobjekte, Gestaltungsauflagen) | E24: – | F24: 31.08.2022 | G24: Gde Wil | H24: öffentlich | I24: n. a. | J24: belegt | K24: n. a. | L24: Schutzobjekte, Erhaltungs- und Gestaltungsauflagen | M24: https://cms.e-mitwirkung.ch/media/wil/Reglement_221013.pdf | N24: Kataster · geprüft · Hinweis | O24: Katalog · hoch | P24: Linkprüfung 14.10.2026: Inhalt passt (Treffer: Schutzverordnung) | PDF ist der Entwurf zur öffentlichen Auflage (13.10.2022), nicht die erlassene Fassung; in der Rechtssammlung Wil (tlex) nicht vorhanden
A25: Gde Wil | B25: Q5 | C25: Layer | D25: Geoportal Wil: Ortsbild-/Schutzobjekt-Layer, Kernzonen | E25: – | F25: – | G25: Gde Wil | H25: öffentlich | I25: n. a. | J25: nicht belegt (Recherche offen) | K25: n. a. | L25: Kommunale Layer | M25: https://www.geoportal.ch/wil_sg | N25: Muster · geprüft · OK | O25: Ergänzung · tief
A26: GEMEINDE SEELISBERG (UR)
A27: Gde Seelisberg | B27: Q5 | C27: Verordnung | D27: Kommunale Schutzverordnung / Ortsbildvorgaben | E27: – | F27: 18.02.2025 | G27: Gde Seelisberg | H27: öffentlich | I27: n. a. | J27: n. a. | K27: belegt | L27: Schutzobjekte, Erhaltungs- und Gestaltungsauflagen | M27: https://www.seelisberg.ch/files/pdf/Bau-und-Zonenordnung-Seelisberg.pdf | N27: Kataster · geprüft · manuell prüfen | O27: Katalog · hoch | P27: Link = BZO (2015) → Widerspruch zum Datum klären | Linkprüfung 14.10.2026: erreichbar, Bezeichnung im Dokument nicht gefunden («»)
A28: Gde Seelisberg | B28: Q5 | C28: Reglement | D28: BZO Art. 8a Kernzone Sonnenberg (Quartiergestaltungsplanpflicht), Art. 26a | E28: – | F28: 01.01.2015 | G28: Gde Seelisberg | H28: öffentlich | I28: n. a. | J28: n. a. | K28: belegt | L28: Gestaltungsplanpflicht als baukulturelles Qualitätsinstrument | M28: https://www.seelisberg.ch/files/pdf/Bau-und-Zonenordnung-Seelisberg.pdf | N28: Kataster · geprüft · OK | O28: Katalog · hoch
A29: GEMEINDEN – nicht öffentliche Daten (Lieferung durch Gemeinde / Kanton)
A30: Gemeinden (alle) | B30: Q5 | C30: Datensatz | D30: Archäologische Fundstellen / Verdachtsflächen | E30: – | F30: – | G30: Kantonsarchäologie | H30: nicht öffentlich | I30: Datenanfrage (nicht öffentlich) | J30: Datenanfrage (nicht öffentlich) | K30: Datenanfrage (nicht öffentlich) | L30: Fundstellen aus Schutzgründen nicht öffentlich | M30: https://www.fedlex.admin.ch | N30: Einstiegsseite · geprüft · nur Einstiegsseite | O30: Ergänzung · mittel | P30: Existenz: hoch (kantonale Fachstellen; ZGB Art. 724). Zugang: aus Schutzgründen nicht öffentlich
A31: Gemeinden (alle) | B31: Q5 | C31: Datensatz | D31: Denkmalpflegerische Gutachten, Einzelobjekt-Inventarblätter, Bauberatungs-Protokolle, Gestaltungsbeirat | E31: – | F31: – | G31: Gemeinde / Kanton | H31: nicht öffentlich | I31: Datenanfrage (nicht öffentlich) | J31: Datenanfrage (nicht öffentlich) | K31: Datenanfrage (nicht öffentlich) | L31: Detailgrundlagen für Ortsbildprüfung | M31: https://www.fedlex.admin.ch | N31: Einstiegsseite · geprüft · nur Einstiegsseite | O31: Ergänzung · tief | P31: Existenz: mittel (nur bei Unterschutzstellung/Verfahren)

Sheet 6_Q6_Bestellung
A1: 6 · Q6 Integrierte, lebenszyklusorientierte Bestellung und Umsetzung – Dokumente, Grundlagen
A2: Kontext Projektvergabe bei Raumentwicklung, Städteplanung, Bauvorschriften. | Gemeinden: Münchenstein (BL), Wil (SG), Seelisberg (UR) | Recherchestand: 14.10.2026
A3: Status: gilt / belegt = Beleg mit Link vorhanden · belegt – Betroffenheit offen = Layer/Inventar existiert, Lage in der Gemeinde per GIS zu prüfen (Blatt 7) · keine Regelung (geprüft) = Ebene regelt nichts, übergeordnetes Recht gilt · nicht belegt (Recherche offen) = bisher kein Beleg · Datenanfrage = nicht öffentlich · n. a. = andere Gebietskörperschaft
A5: Ebene | B5: Q | C5: Typ | D5: Bezeichnung | E5: Referenz (SR/SGS/RB) | F5: Stand | G5: Zuständige Stelle | H5: Zugang | I5: Münchenstein (BL) | J5: Wil (SG) | K5: Seelisberg (UR) | L5: Inhalt / Mindestanforderung | M5: Link / Quelle | N5: Link-Status | O5: Herkunft · Confidence | P5: Prüfnachweis / Hinweis
A6: BUND (gilt für alle drei Gemeinden)
A7: Bund | B7: Q6 | C7: Plattform | D7: simap.ch – Beschaffungsplattform (Ausschreibungen, Zuschläge) | E7: – | F7: – | G7: Bund / Kantone / Gemeinden | H7: öffentlich | I7: belegt | J7: belegt | K7: belegt | L7: Referenzprojekte, Vergabepraxis der Gemeinden recherchierbar | M7: https://www.simap.ch | N7: Muster · geprüft · nur Einstiegsseite | O7: Ergänzung · hoch | P7: Gemeinde-Vergaben auswerten (Verfahrensart, Zuschlagskriterien)
A8: Bund | B8: Q6 | C8: Leitfaden | D8: KBOB-Empfehlungen (Beschaffung, Lebenszykluskosten, Nachhaltigkeit); Leitfaden Nachhaltige Beschaffung | E8: – | F8: – | G8: KBOB / BBL | H8: öffentlich | I8: belegt | J8: belegt | K8: belegt | L8: Referenz für lebenszyklusorientierte Beschaffung und Verantwortlichkeiten | M8: https://www.kbob.admin.ch | N8: Einstiegsseite · geprüft · nur Einstiegsseite | O8: Ergänzung · mittel
A9: Bund | B9: Q6 | C9: Norm | D9: SIA 142 (Wettbewerbe), SIA 143 (Studienaufträge), SIA 112 (Leistungsmodell), SIA 118, SIA 480 (Wirtschaftlichkeit) | E9: – | F9: – | G9: SIA | H9: kostenpflichtig (Norm) | I9: belegt | J9: belegt | K9: belegt | L9: Verfahrens- und Vertragsstandards für Planerleistungen und Bauausführung | M9: https://www.sia.ch | N9: Einstiegsseite · geprüft · nur Einstiegsseite | O9: Ergänzung · mittel | P9: Kostenpflichtig; Anwendung gemeindespezifisch
A10: INTERKANTONAL (Konkordat)
A11: Interkantonal | B11: Q6 | C11: Konkordat | D11: IVöB 2019 inkl. Schwellenwerte | E11: – | F11: Katalog: 15.03.2001 | G11: BPUK | H11: öffentlich | I11: belegt | J11: belegt | K11: belegt | L11: Anwendbares kantonales Recht und Schwellenwerte prüfen (Vergaberechtliche Prüfung) | M11: https://www.bpuk.ch/bpuk/konkordate/ivoeb/ivoeb-2019 | N11: geprüft · korrigiert | O11: Katalog · hoch | P11: Katalog-Datum betrifft alte IVöB → IVöB 2019 verifizieren | Linkprüfung 14.10.2026: PDF war die alte IVöB vom 15.03.2001; ersetzt durch die IVöB-2019-Seite der BPUK. Alter Link: https://www.bpuk.ch/fileadmin/Dokumente/bpuk/public/de/konkordate/ivoeb/INTERKANTONALE%2BVEREINBARUNG%2B%25c3%259cBER%2BDAS%2B%25c3%2596FFENTLICHE%2BBESCHAFFUNGSWESEN%2B%28IV%25c3%25b6B%29.pdf
A12: Interkantonal | B12: Q6 | C12: Leitfaden | D12: Leitfaden/Kommentar zur IVöB 2019 (BPUK / Beschaffungskonferenz) | E12: – | F12: – | G12: BPUK / BKB | H12: öffentlich | I12: nicht belegt (Recherche offen) | J12: nicht belegt (Recherche offen) | K12: nicht belegt (Recherche offen) | L12: Auslegungshilfe: Zuschlagskriterien, Nachhaltigkeit, Lebenszyklus | M12: https://www.bpuk.ch | N12: Einstiegsseite · geprüft · nur Einstiegsseite | O12: Ergänzung · tief
A13: KANTON BASEL-LANDSCHAFT → Münchenstein
A14: Kanton BL | B14: Q6 | C14: Verordnung | D14: Verordnung zum EG IVöB (Vo EG IVöB) | E14: SGS 420.11 | F14: 01.01.2026 | G14: Kanton BL | H14: öffentlich | I14: belegt | J14: n. a. | K14: n. a. | L14: Vergabeverfahren, Eignungs- und Zuschlagskriterien (Vergabekonzept) | M14: https://bl.clex.ch/app/de/texts_of_law/420.11 | N14: Kataster · geprüft · OK | O14: Katalog · hoch
A15: Kanton BL | B15: Q6 | C15: Gesetz / Leitfaden | D15: EG IVöB BL (Gesetz) und kantonale Beschaffungsleitfäden | E15: SGS 420 | F15: – | G15: Kanton BL | H15: öffentlich | I15: nicht belegt (Recherche offen) | J15: n. a. | K15: n. a. | L15: Kantonale Umsetzung, Praxis | M15: https://bl.clex.ch/app/de/texts_of_law/420 | N15: geprüft · korrigiert | O15: Ergänzung · tief | P15: Linkprüfung 14.10.2026: Link zeigte auf die Startseite baselland.ch; EG IVöB BL = SGS 420 (Titel lt. Sammlung: «Einführungsgesetz zur interkantonalen Vereinbarung über das öffentliche Beschaffungswesen (EG IVöB)»). Alter Link: https://www.baselland.ch
A16: Kanton BL | B16: Q6 | C16: Planungsrecht | D16: RBG BL: Qualitätssicherungsverfahren / Gestaltungsplanverfahren (Konkurrenzverfahren) | E16: SGS 400 | F16: 01.01.2024 | G16: Kanton BL | H16: öffentlich | I16: nicht belegt (Recherche offen) | J16: n. a. | K16: n. a. | L16: Planungsrechtliche Verknüpfung Verfahren ↔ Qualität | M16: https://bl.clex.ch/app/de/texts_of_law/400 | N16: Muster · geprüft · OK | O16: Ergänzung · tief | P16: Entsprechende Artikel im RBG identifizieren
A17: KANTON ST. GALLEN → Wil
A18: Kanton SG | B18: Q6 | C18: Verordnung | D18: Kantonales Beschaffungsrecht / VöB SG | E18: sGS 841.11 | F18: Katalog: kein Stand | G18: Kanton SG | H18: öffentlich | I18: n. a. | J18: belegt | K18: n. a. | L18: Vergabeverfahren, Eignungs- und Zuschlagskriterien (Vergabekonzept) | M18: https://www.gesetzessammlung.sg.ch/app/de/texts_of_law/841.11 | N18: Kataster · geprüft · OK | O18: Katalog · hoch
A19: Kanton SG | B19: Q6 | C19: Gesetz | D19: Einführungsgesetz zur IVöB 2019 vom 15.11.2022 (EGöB) | E19: sGS 841.1 | F19: 01.06.2023 | G19: Kanton SG | H19: öffentlich | I19: n. a. | J19: belegt | K19: n. a. | L19: Kantonale Umsetzung IVöB | M19: https://www.gesetzessammlung.sg.ch/app/de/texts_of_law/841.1 | N19: Suchtreffer · geprüft · OK | O19: Ergänzung · mittel
A20: Kanton SG | B20: Q6 | C20: Planungsrecht | D20: PBG SG: Sondernutzungsplanung / Qualitätsverfahren | E20: sGS 731.1 | F20: 01.06.2026 | G20: Kanton SG | H20: öffentlich | I20: n. a. | J20: nicht belegt (Recherche offen) | K20: n. a. | L20: Planungsrechtliche Verknüpfung Verfahren ↔ Qualität | M20: https://www.gesetzessammlung.sg.ch/app/de/texts_of_law/731.1 | N20: geprüft · korrigiert | O20: Ergänzung · tief | P20: Linkprüfung 14.10.2026: Link auf Standardform der Sammlung vereinheitlicht (731.1 «Planungs- und Baugesetz (PBG)»). Alter Link: https://www.gesetzessammlung.sg.ch/data/731.1/de
A21: KANTON URI → Seelisberg
A22: Kanton UR | B22: Q6 | C22: Gesetz | D22: Beitritt Kanton Uri zur IVöB 2019 (Landratsbeschluss vom 15.06.2022) | E22: IVöB: RB 3.3111 | F22: Inkrafttreten 01.06.2023 | G22: Kanton UR | H22: öffentlich | I22: n. a. | J22: n. a. | K22: belegt | L22: Im Katalog nur IVöB; kantonale Umsetzung fehlt | M22: https://rechtsbuch.ur.ch/app/de/texts_of_law/3.3111 | N22: geprüft · korrigiert | O22: Ergänzung · tief | P22: Beleg: Schulungsunterlage Baudirektion UR vom 08.05.2023 (Link getestet). Submissionsverordnung RB 3.3112 aufgehoben | Linkprüfung 14.10.2026: Link zeigte auf https://www.ur.ch/_doc/337571 (HTTP 200, «Microsoft PowerPoint - 20230508_Schulung_IVöB_Uri final(2).p»); richtig: RB 3.3111 «Interkantonale Vereinbarung über das öffentliche Beschaffungswesen (IVöB)». Alter Link: https://www.ur.ch/_doc/337571
A23: Kanton UR | B23: Q6 | C23: Gesetz | D23: Reglement über den Vollzug der IVöB (Submissionsreglement) | E23: RB 3.3115 | F23: ab 01.06.2023 | G23: Kanton UR | H23: öffentlich | I23: n. a. | J23: n. a. | K23: belegt | L23: Im Katalog nur IVöB; kantonale Umsetzung fehlt | M23: https://rechtsbuch.ur.ch/app/de/texts_of_law/3.3115 | N23: geprüft · korrigiert | O23: Ergänzung · tief | P23: Beleg: Schulungsunterlage Baudirektion UR vom 08.05.2023 (Link getestet); eigener Reglementstext-Link nicht ermittelt | Linkprüfung 14.10.2026: Link zeigte auf https://www.ur.ch/_doc/337571 (HTTP 200, «Microsoft PowerPoint - 20230508_Schulung_IVöB_Uri final(2).p»); richtig: RB 3.3115 «Reglement über den Vollzug der Interkantonalen Vereinbarung über das öffentliche Beschaffungswesen (Submissionsreglement)». Alter Link: https://www.ur.ch/_doc/337571
A24: Kanton UR | B24: Q6 | C24: Planungsrecht | D24: PBG Uri: Gestaltungsplan-/Quartierplan-Verfahren | E24: IVöB: RB 3.3111; Reglement: RB 3.3115 | F24: Inkrafttreten 01.06.2023 | G24: Kanton UR | H24: öffentlich | I24: n. a. | J24: n. a. | K24: nicht belegt (Recherche offen) | L24: Planungsrechtliche Verknüpfung Verfahren ↔ Qualität | M24: https://rechtsbuch.ur.ch/app/de/texts_of_law/40.1111 | N24: Muster · geprüft · OK | O24: Ergänzung · tief | P24: Beleg: Schulungsunterlage Baudirektion UR vom 08.05.2023 (Link getestet); Submissionsverordnung RB 3.3112 aufgehoben | Link (RB 40.1111, PBG Uri) passt zur Bezeichnung; die Spalte Referenz nennt dagegen IVöB/Submissionsreglement
A25: GEMEINDE MÜNCHENSTEIN (BL)
A26: Gde Münchenstein | B26: Q6 | C26: Reglement | D26: Gemeindeordnung, Finanzhaushalt- und Beschaffungsreglement | E26: – | F26: – | G26: Gde Münchenstein | H26: öffentlich | I26: nicht belegt (Recherche offen) | J26: n. a. | K26: n. a. | L26: Ausgaben-/Vertragskompetenzen, Bestellerorganisation | M26: https://www.muenchenstein.ch | N26: Einstiegsseite · geprüft · nur Einstiegsseite | O26: Ergänzung · tief | P26: Im Katalog nicht belegt
A27: Gde Münchenstein | B27: Q6 | C27: Plattform | D27: Vergaben Münchenstein auf simap.ch | E27: – | F27: – | G27: Gde Münchenstein | H27: öffentlich | I27: nicht belegt (Recherche offen) | J27: n. a. | K27: n. a. | L27: Praxisreferenz Bestellung/Vergabe | M27: https://www.simap.ch | N27: Muster · geprüft · nur Einstiegsseite | O27: Ergänzung · tief
A28: GEMEINDE WIL (SG)
A29: Gde Wil | B29: Q6 | C29: Reglement | D29: Reglement über die Ausgaben- und Vertragskompetenzen der Departemente und Dienststellen | E29: SRS 1.6-4 | F29: Katalog: kein Stand | G29: Gde Wil | H29: öffentlich | I29: n. a. | J29: belegt | K29: n. a. | L29: Lebenszykluskosten und Verantwortlichkeiten projektspezifisch festlegen (Besteller-/LCC-Konzept) | M29: https://wil-sg.tlex.ch/app/de/texts_of_law/1.6-4 | N29: Kataster · geprüft · OK | O29: Katalog · hoch | P29: Stand ergänzen; LCC-Bezug im Text prüfen
A30: Gde Wil | B30: Q6 | C30: Plattform | D30: Vergaben Wil auf simap.ch | E30: – | F30: – | G30: Gde Wil | H30: öffentlich | I30: n. a. | J30: nicht belegt (Recherche offen) | K30: n. a. | L30: Praxisreferenz Bestellung/Vergabe | M30: https://www.simap.ch | N30: Muster · geprüft · nur Einstiegsseite | O30: Ergänzung · tief
A31: GEMEINDE SEELISBERG (UR)
A32: Gde Seelisberg | B32: Q6 | C32: Reglement | D32: Gemeindeordnung, Finanzhaushalt- und Beschaffungsreglement | E32: – | F32: – | G32: Gde Seelisberg | H32: öffentlich | I32: n. a. | J32: n. a. | K32: nicht belegt (Recherche offen) | L32: Ausgaben-/Vertragskompetenzen, Bestellerorganisation | M32: https://www.seelisberg.ch | N32: Einstiegsseite · geprüft · nur Einstiegsseite | O32: Ergänzung · tief | P32: Im Katalog nicht belegt
A33: Gde Seelisberg | B33: Q6 | C33: Plattform | D33: Vergaben Seelisberg auf simap.ch | E33: – | F33: – | G33: Gde Seelisberg | H33: öffentlich | I33: n. a. | J33: n. a. | K33: nicht belegt (Recherche offen) | L33: Praxisreferenz Bestellung/Vergabe | M33: https://www.simap.ch | N33: Muster · geprüft · nur Einstiegsseite | O33: Ergänzung · tief
A34: GEMEINDEN – nicht öffentliche Daten (Lieferung durch Gemeinde / Kanton)
A35: Gemeinden (alle) | B35: Q6 | C35: Datensatz | D35: Laufende Vergaben, Verträge, Bestellorganisation, Projektabläufe, Beschaffungsstatistik | E35: – | F35: – | G35: Gemeinde | H35: nicht öffentlich | I35: Datenanfrage (nicht öffentlich) | J35: Datenanfrage (nicht öffentlich) | K35: Datenanfrage (nicht öffentlich) | L35: Bestellerkompetenz (C4) und Vergabepraxis | M35: https://www.fedlex.admin.ch | N35: Einstiegsseite · geprüft · nur Einstiegsseite | O35: Ergänzung · mittel | P35: Existenz: hoch (Vergaben sind zu dokumentieren), Zugang nicht öffentlich
A36: Gemeinden (alle) | B36: Q6 | C36: Datensatz | D36: Lebenszykluskosten-Vorgaben, Bestellerhandbücher, Projektleitungs-Standards der Gemeinde | E36: – | F36: – | G36: Gemeinde | H36: nicht öffentlich | I36: Datenanfrage (nicht öffentlich) | J36: Datenanfrage (nicht öffentlich) | K36: Datenanfrage (nicht öffentlich) | L36: Q6-Schwelle: integrierte Gesamtlösung | M36: https://www.fedlex.admin.ch | N36: Einstiegsseite · geprüft · nur Einstiegsseite | O36: Ergänzung · tief | P36: Existenz: unbekannt (Hypothese: nur bei grösseren Gemeinden, z. B. Wil)

Sheet 7_GIS_Layers
A1: 7 · Überprüfung GIS-Layers – Sammlung der Layer und Links
A2: Links öffnen map.geo.admin.ch mit aktivem Layer, zentriert auf die Gemeinde (Zoom nach Bedarf anpassen). Layer-IDs stammen aus Fachwissen (Link-Status «Muster»); bei fehlender ID bitte den Suchbegriff im Viewer verwenden. Alle Links in diesem Blatt sind ungetestet (Sandbox ohne Internetzugriff). Betroffenheit: Dropdown ja / nein / offen – wird von der GIS-Bearbeitung ausgefüllt.
A4: Q | B4: Thema | C4: Layer / Datensatz | D4: Anbieter | E4: Layer-ID | F4: Link CH-weit | G4: Link Münchenstein | H4: Link Wil | I4: Link Seelisberg | J4: Betroffenheit Münchenstein | K4: Betroffenheit Wil | L4: Betroffenheit Seelisberg | M4: Hinweis / Suchbegriff
A5: BUND – map.geo.admin.ch (gilt für alle drei Gemeinden)
A6: Q2 | B6: Landschaft | C6: BLN – Landschaften und Naturdenkmäler von nationaler Bedeutung | D6: BAFU | E6: ch.bafu.bundesinventare-bln | F6: CH-weit | G6: Münchenstein | H6: Wil | I6: Seelisberg | J6: offen | K6: offen | L6: offen
A7: Q2 | B7: Landschaft | C7: Moorlandschaften von besonderer Schönheit | D7: BAFU | E7: ch.bafu.bundesinventare-moorlandschaften | F7: CH-weit | G7: Münchenstein | H7: Wil | I7: Seelisberg | J7: offen | K7: offen | L7: offen
A8: Q2 | B8: Biodiversität | C8: Hochmoore | D8: BAFU | E8: ch.bafu.bundesinventare-hochmoore | F8: CH-weit | G8: Münchenstein | H8: Wil | I8: Seelisberg | J8: offen | K8: offen | L8: offen
A9: Q2 | B9: Biodiversität | C9: Flachmoore | D9: BAFU | E9: ch.bafu.bundesinventare-flachmoore | F9: CH-weit | G9: Münchenstein | H9: Wil | I9: Seelisberg | J9: offen | K9: offen | L9: offen
A10: Q2 | B10: Biodiversität | C10: Auengebiete | D10: BAFU | E10: ch.bafu.bundesinventare-auen | F10: CH-weit | G10: Münchenstein | H10: Wil | I10: Seelisberg | J10: offen | K10: offen | L10: offen
A11: Q2 | B11: Biodiversität | C11: Amphibienlaichgebiete (ortsfest) | D11: BAFU | E11: ch.bafu.bundesinventare-amphibien | F11: CH-weit | G11: Münchenstein | H11: Wil | I11: Seelisberg | J11: offen | K11: offen | L11: offen
A12: Q2 | B12: Biodiversität | C12: Trockenwiesen und -weiden (TWW) | D12: BAFU | E12: ch.bafu.bundesinventare-trockenwiesen_trockenweiden | F12: CH-weit | G12: Münchenstein | H12: Wil | I12: Seelisberg | J12: offen | K12: offen | L12: offen
A13: Q2 | B13: Biodiversität | C13: Eidg. Jagdbanngebiete | D13: BAFU | E13: ch.bafu.bundesinventare-jagdbanngebiete | F13: CH-weit | G13: Münchenstein | H13: Wil | I13: Seelisberg | J13: offen | K13: offen | L13: offen
A14: Q2 | B14: Biodiversität | C14: Wasser- und Zugvogelreservate | D14: BAFU | E14: ch.bafu.bundesinventare-vogelreservate | F14: CH-weit | G14: Münchenstein | H14: Wil | I14: Seelisberg | J14: offen | K14: offen | L14: offen | M14: Im Viewer suchen: «Wasser- und Zugvogelreservate»
A15: Q2 | B15: Biodiversität | C15: Wildtierkorridore (überregional) | D15: BAFU | E15: ch.bafu.fauna-wildtierkorridor_national | F15: CH-weit | G15: Münchenstein | H15: Wil | I15: Seelisberg | J15: offen | K15: offen | L15: offen
A16: Q2 | B16: Wald | C16: Waldreservate | D16: BAFU | E16: ch.bafu.waldreservate | F16: CH-weit | G16: Münchenstein | H16: Wil | I16: Seelisberg | J16: offen | K16: offen | L16: offen
A17: Q2 | B17: Wald | C17: Waldareal / Schutzwald | D17: BAFU | E17: — | F17: CH-weit | G17: Münchenstein | H17: Wil | I17: Seelisberg | J17: offen | K17: offen | L17: offen | M17: Im Viewer suchen: «Schutzwald», «Waldareal»
A18: Q1/Q2 | B18: Planung | C18: Bauzonen Schweiz (harmonisiert) | D18: ARE | E18: ch.are.bauzonen | F18: CH-weit | G18: Münchenstein | H18: Wil | I18: Seelisberg | J18: offen | K18: offen | L18: offen
A19: Q3 | B19: Energie | C19: Solarenergie: Eignung Dächer | D19: BFE | E19: ch.bfe.solarenergie-eignung-daecher | F19: CH-weit | G19: Münchenstein | H19: Wil | I19: Seelisberg | J19: offen | K19: offen | L19: offen
A20: Q3 | B20: Energie | C20: Solarenergie: Eignung Fassaden | D20: BFE | E20: ch.bfe.solarenergie-eignung-fassaden | F20: CH-weit | G20: Münchenstein | H20: Wil | I20: Seelisberg | J20: offen | K20: offen | L20: offen
A21: Q3 | B21: Energie | C21: Gebäude- und Wohnungsregister (Heizung, Energieträger) | D21: BFS | E21: ch.bfs.gebaeude_wohnungs_register | F21: CH-weit | G21: Münchenstein | H21: Wil | I21: Seelisberg | J21: offen | K21: offen | L21: offen
A22: Q3 | B22: Energie | C22: Windenergie / Geothermie / Wärmenetz-Potenzial | D22: BFE | E22: — | F22: CH-weit | G22: Münchenstein | H22: Wil | I22: Seelisberg | J22: offen | K22: offen | L22: offen | M22: Im Viewer suchen: «Windenergie», «Geothermie», «Fernwärme»
A23: Q3/B3 | B23: Mobilität | C23: ÖV-Güteklassen | D23: ARE | E23: ch.are.gueteklassen_oev | F23: CH-weit | G23: Münchenstein | H23: Wil | I23: Seelisberg | J23: offen | K23: offen | L23: offen
A24: Q4 | B24: Naturgefahren | C24: Gefahrenkarten / Gefahrenhinweiskarte (Daten der Kantone) | D24: BAFU / Kantone | E24: — | F24: CH-weit | G24: Münchenstein | H24: Wil | I24: Seelisberg | J24: offen | K24: offen | L24: offen | M24: Im Viewer suchen: «Gefahrenkarte» bzw. «Naturgefahren»; massgebend sind die kantonalen Karten
A25: Q4 | B25: Starkregen | C25: Gefährdungskarte Oberflächenabfluss | D25: BAFU / VKF | E25: ch.bafu.gefaehrdungskarte-oberflaechenabfluss | F25: CH-weit | G25: Münchenstein | H25: Wil | I25: Seelisberg | J25: offen | K25: offen | L25: offen
A26: Q4 | B26: Erdbeben | C26: Baugrundklassen (Erdbeben) | D26: BAFU | E26: ch.bafu.gefahren-baugrundklassen | F26: CH-weit | G26: Münchenstein | H26: Wil | I26: Seelisberg | J26: offen | K26: offen | L26: offen
A27: Q4 | B27: Lärm | C27: Strassenlärm Tag | D27: BAFU | E27: ch.bafu.laerm-strassenlaerm_tag | F27: CH-weit | G27: Münchenstein | H27: Wil | I27: Seelisberg | J27: offen | K27: offen | L27: offen
A28: Q4 | B28: Lärm | C28: Bahnlärm Tag | D28: BAFU | E28: ch.bafu.laerm-bahnlaerm_tag | F28: CH-weit | G28: Münchenstein | H28: Wil | I28: Seelisberg | J28: offen | K28: offen | L28: offen
A29: Q4 | B29: Hitze | C29: Hitzebelastung / Klimaanalyse | D29: BAFU / Kantone | E29: — | F29: CH-weit | G29: Münchenstein | H29: Wil | I29: Seelisberg | J29: offen | K29: offen | L29: offen | M29: Im Viewer suchen: «Hitze»; Abdeckung kleiner Gemeinden unsicher
A30: Q4 | B30: Risiko | C30: Störfall-Risikokataster / belastete Standorte | D30: BAFU / Kantone | E30: — | F30: CH-weit | G30: Münchenstein | H30: Wil | I30: Seelisberg | J30: offen | K30: offen | L30: offen | M30: Im Viewer suchen: «Störfall»; Altlastenkataster ist kantonal
A31: Q5 | B31: Ortsbild | C31: ISOS – Ortsbilder von nationaler Bedeutung | D31: BAK | E31: ch.bak.bundesinventar-schuetzenswerte-ortsbilder | F31: CH-weit | G31: Münchenstein | H31: Wil | I31: Seelisberg | J31: offen | K31: offen | L31: offen
A32: Q5 | B32: Verkehrswege | C32: IVS – Historische Verkehrswege (national) | D32: ASTRA | E32: ch.astra.ivs-nat | F32: CH-weit | G32: Münchenstein | H32: Wil | I32: Seelisberg | J32: offen | K32: offen | L32: offen
A33: Q5 | B33: Kulturgüter | C33: KGS-Inventar (Kulturgüter von nationaler/regionaler Bedeutung) | D33: BABS | E33: ch.babs.kulturgueter | F33: CH-weit | G33: Münchenstein | H33: Wil | I33: Seelisberg | J33: offen | K33: offen | L33: offen
A34: KANTONE UND GEMEINDEN – kantonale / kommunale Geoportale (aus Kataster, Layerliste im Viewer sichten)
A35: Q4 | B35: Naturgefahren | C35: Naturgefahrenkarten BL (Überschwemmung, Murgang, Steinschlag, Rutschung) | D35: Kanton BL | E35: — | G35: Münchenstein | J35: offen | K35: n. a. | L35: n. a. | M35: Layer-IDs aus Kataster; Stand der Karte 2005 → Aktualität in den Layer-Metadaten prüfen
A36: Q2 | B36: Schutzinventare / FFF | C36: Kantonale Schutzinventare und Fruchtfolgeflächen BL (ARP-Daten) | D36: Kanton BL | E36: — | G36: Münchenstein | J36: offen | K36: n. a. | L36: n. a. | M36: Layerliste sichten; FFF und Schutzobjekte getrennt auswerten
A37: Q2 | B37: Naturobjekte | C37: Inventar der geschützten Naturobjekte BL / Naturschutzgebiete (Geoportal BL) | D37: Kanton BL | E37: — | G37: Münchenstein | J37: offen | K37: n. a. | L37: n. a. | M37: Rechtsgrundlage § 12 NLG (SGS 790); Layer im Viewer unter Natur/Landschaft suchen
A38: Q5 | B38: Denkmal | C38: Inventar der Kulturdenkmäler (IKD) im Geoportal Münchenstein | D38: Kanton BL / Gde | E38: — | G38: Münchenstein | J38: offen | K38: n. a. | L38: n. a.
A39: Q4 | B39: Entwässerung | C39: GEP / Starkregengrundlagen im Geoportal Münchenstein | D39: Gde Münchenstein | E39: — | G39: Münchenstein | J39: offen | K39: n. a. | L39: n. a. | M39: Einsehbar ohne Attribute, externe Legende; Datenbezug bei Baudirektion
A40: Q1 | B40: Nutzungsplanung | C40: Zonenplan Wil (Geoportal) | D40: Gde Wil | E40: — | H40: Wil | J40: n. a. | K40: offen | L40: n. a. | M40: Weitere Wil-Layer (Schutzobjekte, Ortsbild) im Layerbaum sichten
A41: Q4 | B41: Naturgefahren | C41: Naturgefahrenkarten SG (Geoportal SG) | D41: Kanton SG | E41: — | H41: Wil | J41: n. a. | K41: offen | L41: n. a. | M41: Karte im Katalog mit Stand 03.09.2026
A42: Q2/Q5 | B42: Natur/Denkmal | C42: Weitere kantonale Layer SG (Schutzgebiete, Inventare, FFF) | D42: Kanton SG | E42: — | H42: Wil | J42: n. a. | K42: offen | L42: n. a. | M42: Layerliste sichten
A43: Q1/Q2/Q4/Q5 | B43: Geoportal UR | C43: Geoportal Uri: Nutzungsplanung, Schutzinventare, Naturgefahrenkarten (Seelisberg) | D43: Kanton UR | E43: — | I43: Seelisberg | J43: n. a. | K43: n. a. | L43: offen | M43: Naturgefahrenkarten UR Stand 22.08.2023; Schutzinventare Stand 20.03.2026 (Kataster)

Sheet 8_Hinweise_Kataster
A1: Auffälligkeiten im Q-Grundlagenkataster – Umsetzungsstand
A3: Nr. | B3: Q | C3: Gemeinde / Ebene | D3: Befund | E3: Massnahme | F3: Stand | G3: Ergebnis / Rest
A4: 1 | B4: Q6 | C4: Bund / alle | D4: IVöB: Katalog nennt «Inkrafttreten 15.03.2001» (alte IVöB). | E4: IVöB 2019 verifizieren, Beitritt je Kanton ermitteln | F4: teilweise | G4: Link auf IVöB 2019 (BPUK) ersetzt. SG: Beitritt 01.06.2023 belegt (EGöB sGS 841.1, VöB sGS 841.11). UR: Landrat 15.06.2022, Inkrafttreten 01.06.2023, Submissionsverordnung RB 3.3112 aufgehoben. BL: Beitrittsdatum nicht verifiziert.
A5: 2 | B5: Q1–Q6 | C5: Bund / alle | D5: Stände der Bundesgesetze je Gemeinde uneinheitlich. | E5: Auf konsolidierte Fassung vereinheitlichen | F5: erledigt | G5: Spalte «Stand» = «konsolidierte Fassung (Fedlex)»; Katalogstände im Prüfhinweis erhalten. Einzelstände nur dort, wo verifiziert (ZWG 01.10.2024, GSchV 01.08.2025).
A6: 3 | B6: Q1/Q2/Q3/Q5 | C6: Münchenstein, Wil | D6: Mehrere Katalogzeilen verweisen auf dasselbe Dokument. | E6: – | F6: erledigt | G6: Kein Mangel: ein Dokument deckt mehrere Q-Dimensionen ab (Hinweis des Teams). Zeilen bleiben bestehen; Artikel-/Kapitelfundstellen je Q wären eine spätere Verfeinerung.
A7: 4 | B7: Q2/Q5 | C7: Wil | D7: Zuständigkeit «Gemeinde Wil + St. Gallen» beim Reglement zur Schutzverordnung unklar. | E7: Zuständigkeit klären | F7: erledigt | G7: Zuständigkeit liegt allein bei der Gde Wil; das Reglement enthält auch kantonale Schutzobjekte (manuell geprüft 14.10.2026).
A8: 5 | B8: Q5 | C8: Seelisberg | D8: «Kommunale Schutzverordnung» (18.02.2025) verlinkt auf BZO (2015). | E8: Separate Schutzverordnung suchen | F8: offen (Anfrage) | G8: Websuche ohne Treffer; Anfrage an Gemeinde (Datenanfrage-Liste).
A9: 6 | B9: Q4 | C9: Seelisberg | D9: Nur Wasserversorgungsverordnung; Entwässerung/Retention/GEP fehlen. | E9: Abwasserreglement/GEP beschaffen | F9: offen (Anfrage) | G9: GEP ist rechtlich vorgesehen (GSchV Art. 5) → Existenz hoch; Anfrage an Gemeinde.
A10: 7 | B10: Q4 | C10: Bund | D10: Gefahrenkarten auf Bundesebene geführt, obwohl kantonal. | E10: Als Portal/Hinweiskarte kennzeichnen | F10: erledigt | G10: Zeile angepasst: Bund = Portal geo.admin.ch (Daten der Kantone); massgebend sind die kantonalen Karten (Blatt 7).
A11: 8 | B11: Q4 | C11: BL | D11: Naturgefahrenkarte BL mit Stand 28.11.2005. | E11: Aktualität prüfen | F11: teilweise | G11: Aktualität nur im Geoportal BL (Layer-Metadaten) ersichtlich; in Blatt 7 mit Hinweis verlinkt.
A12: 9 | B12: Q3 | C12: UR | D12: Energiegesetz Uri mit Stand 01.01.2000. | E12: Aktuelle Fassung prüfen | F12: teilweise | G12: Link auf Rechtsbuch UR (Katalog) bleibt; Versionsstand nicht abgefragt → beim Öffnen der Fassung im Rechtsbuch bestätigen.
A13: 10 | B13: Q2/Q5 | C13: SG | D13: Keine Kantonsebene für Q2/Q5. | E13: Kantonale Erlasse und Inventare ergänzen | F13: teilweise | G13: Ergänzt: Naturschutzverordnung sGS 671.1, Verordnung Naturkörper/Altertümer sGS 271.51, Geoportal SG. Konkrete Inventar-/Layerliste noch offen (Blatt 2/5, Blatt 7).
A14: 11 | B14: Q6 | C14: UR / Gemeinden | D14: Kantonales Einführungsrecht Uri fehlt; kommunale Reglemente Münchenstein/Seelisberg fehlen. | E14: Beschaffen | F14: teilweise | G14: UR erledigt (Beitrittsbeschluss belegt). Kommunale Reglemente: Anfrage an Gemeinden.
A15: 12 | B15: Q3 | C15: Seelisberg | D15: Keine Gemeindeebene für Q3. | E15: Klären | F15: offen (Anfrage) | G15: Anfrage an Gemeinde, ob kommunale Energie-/Klimavorgaben bestehen.
... A21: 18 | B21: Alle | C21: Alle | D21: Linktest (14.10.2026): Sandbox ohne Internetzugriff; Abruf nur für Seiten aus der Recherche möglich. Fedlex lädt ohne JavaScript nur eine Hülle, Inhalt/Richtigkeit eines ELI ist so nicht prüfbar. | E21: Links testen | F21: teilweise | G21: Getestet OK: sg.ch Beschaffungs-Grundlagen, ur.ch Schulungsunterlage. Quelle bestätigt (Link von sg.ch): BGBM-ELI, sGS 841.51 / 841.1 / 841.11. Alle übrigen Links «ungetestet»; kein Link als defekt festgestellt. Bitte Klick-Test im Browser (Spalte «Link-Status» filtern auf «ungetestet»).

Sheet 9_Linkpruefung
A1: Linkprüfung 14.10.2026 – GitHub-Runner «Linkprüfung Excel» (linkpruefung_excel.py)
A2: Prüfquellen: Fedlex-SPARQL (SR-Nummer ↔ Erlass), LexWork-Titelverzeichnisse (BL, SG, UR, Wil), api3.geo.admin.ch layersConfig, HTTP-Abruf mit Titel-/Textabgleich (HTML und PDF). Nachgeführt 14.10.2026: manuelle Prüfungen Blatt 1, Zeilen 74 und 94 (alt) gelöscht, Zeilennummern Blatt 1 angepasst. Nachgeführt 14.10.2026: Blatt 3 Zeile 30 und Blatt 6 Zeile 23 (alt) gelöscht; Zonenvorschriften Siedlung in Blatt 2/3/5 manuell geprüft.
A4: Blatt | B4: Zeile | C4: Spalte | D4: Bezeichnung | E4: Referenz | F4: Ergebnis | G4: Begründung / Hinweis | H4: HTTP | I4: Link alt | J4: Link neu
A5: 1_Q1_Rechtsordnung | B5: 11 | C5: M | D5: Zweitwohnungsverordnung (ZWV) | E5: SR 702.1 | F5: geprüft · OK | G5: Link zeigte nur auf die Einstiegsseite https://www.are.admin.ch; richtig: SR 702.1 «Zweitwohnungsverordnung vom 4. Dezember 2015 (ZWV)» | H5: 200 | I5: https://www.are.admin.ch | J5: https://www.fedlex.admin.ch/eli/cc/2015/887/de
A6: 1_Q1_Rechtsordnung | B6: 14 | C6: M | D6: Verordnung über das Bundesinventar der Landschaften und Naturdenkmäler (VBLN) | E6: SR 451.11 | F6: geprüft · OK | G6: Link zeigte nur auf die Einstiegsseite https://www.bafu.admin.ch; richtig: SR 451.11 «Verordnung vom 29. März 2017 über das Bundesinventar der Landschaften und Naturdenkmäler (VBLN) » | H6: 200 | I6: https://www.bafu.admin.ch | J6: https://www.fedlex.admin.ch/eli/cc/2017/290/de
A7: 1_Q1_Rechtsordnung | B7: 15 | C7: M | D7: Verordnung über das Bundesinventar der schützenswerten Ortsbilder der Schweiz (VISOS) | E7: SR 451.12 | F7: geprüft · OK | G7: Link zeigte nur auf die Einstiegsseite https://www.bak.admin.ch; richtig: SR 451.12 «Verordnung vom 13. November 2019 über das Bundesinventar der schützenswerten Ortsbilder der Schweiz (VISOS)» | H7: 200 | I7: https://www.bak.admin.ch | J7: https://www.fedlex.admin.ch/eli/cc/2019/673/de
A8: 1_Q1_Rechtsordnung | B8: 16 | C8: M | D8: Verordnung über das Bundesinventar der historischen Verkehrswege der Schweiz (VIVS) | E8: SR 451.13 | F8: geprüft · OK | G8: Link zeigte nur auf die Einstiegsseite https://www.astra.admin.ch; richtig: SR 451.13 «Verordnung vom 14. April 2010 über das Bundesinventar der historischen Verkehrswege der Schweiz (VIVS) » | H8: 200 | I8: https://www.astra.admin.ch | J8: https://www.fedlex.admin.ch/eli/cc/2010/227/de
A9: 1_Q1_Rechtsordnung | B9: 17 | C9: M | D9: Verordnung über den Schutz der Auengebiete von nationaler Bedeutung (Auenverordnung) | E9: SR 451.31 | F9: geprüft · OK | G9: Link zeigte nur auf die Einstiegsseite https://www.bafu.admin.ch; richtig: SR 451.31 «Verordnung vom 28. Oktober 1992 über den Schutz der Auengebiete von nationaler Bedeutung (Auenverordnung) » | H9: 200 | I9: https://www.bafu.admin.ch | J9: https://www.fedlex.admin.ch/eli/cc/1992/2080_2080_2080/de
A10: 1_Q1_Rechtsordnung | B10: 18 | C10: M | D10: Verordnung über den Schutz der Hoch- und Übergangsmoore von nationaler Bedeutung (Hochmoorverordnung) | E10: SR 451.32 | F10: geprüft · OK | G10: Link zeigte nur auf die Einstiegsseite https://www.bafu.admin.ch; richtig: SR 451.32 «Verordnung vom 21. Januar 1991 über den Schutz der Hoch- und Übergangsmoore von nationaler Bedeutung (Hochmoorverordnung) » | H10: 200 | I10: https://www.bafu.admin.ch | J10: https://www.fedlex.admin.ch/eli/cc/1991/270_270_270/de
A11: 1_Q1_Rechtsordnung | B11: 19 | C11: M | D11: Verordnung über den Schutz der Flachmoore von nationaler Bedeutung (Flachmoorverordnung) | E11: SR 451.33 | F11: geprüft · OK | G11: Link zeigte nur auf die Einstiegsseite https://www.bafu.admin.ch; richtig: SR 451.33 «Verordnung vom 7. September 1994 über den Schutz der Flachmoore von nationaler Bedeutung (Flachmoorverordnung) » | H11: 200 | I11: https://www.bafu.admin.ch | J11: https://www.fedlex.admin.ch/eli/cc/1994/2092_2092_2092/de
A12: 1_Q1_Rechtsordnung | B12: 20 | C12: M | D12: Verordnung über den Schutz der Amphibienlaichgebiete von nationaler Bedeutung (Amphibienlaichgebiete-Verordnung; AlgV) | E12: SR 451.34 | F12: geprüft · OK | G12: Link zeigte nur auf die Einstiegsseite https://www.bafu.admin.ch; richtig: SR 451.34 «Verordnung vom 15. Juni 2001 über den Schutz der Amphibienlaichgebiete von nationaler Bedeutung (Amphibienlaichgebiete-Verordnung; AlgV) » | H12: 200 | I12: https://www.bafu.admin.ch | J12: https://www.fedlex.admin.ch/eli/cc/2001/328/de
A13: 1_Q1_Rechtsordnung | B13: 21 | C13: M | D13: Verordnung über den Schutz der Moorlandschaften von besonderer Schönheit und von nationaler Bedeutung (Moorlandschaftsverordnung) | E13: SR 451.35 | F13: geprüft · OK | G13: Link zeigte nur auf die Einstiegsseite https://www.bafu.admin.ch; richtig: SR 451.35 «Verordnung vom 1. Mai 1996 über den Schutz der Moorlandschaften von besonderer Schönheit und von nationaler Bedeutung (Moorlandschaftsverordnung) » | H13: 200 | I13: https://www.bafu.admin.ch | J13: https://www.fedlex.admin.ch/eli/cc/1996/1839_1839_1839/de
A14: 1_Q1_Rechtsordnung | B14: 22 | C14: M | D14: Verordnung über die Pärke von nationaler Bedeutung (Pärkeverordnung, PäV) | E14: SR 451.36 | F14: geprüft · OK | G14: Link zeigte nur auf die Einstiegsseite https://www.bafu.admin.ch; richtig: SR 451.36 «Verordnung vom 7. November 2007 über die Pärke von nationaler Bedeutung (Pärkeverordnung, PäV)» | H14: 200 | I14: https://www.bafu.admin.ch | J14: https://www.fedlex.admin.ch/eli/cc/2007/743/de
A15: 1_Q1_Rechtsordnung | B15: 23 | C15: M | D15: Verordnung über den Schutz der Trockenwiesen und -weiden von nationaler Bedeutung (Trockenwiesenverordnung, TwwV) | E15: SR 451.37 | F15: geprüft · OK | G15: Link zeigte nur auf die Einstiegsseite https://www.bafu.admin.ch; richtig: SR 451.37 «Verordnung vom 13. Januar 2010 über den Schutz der Trockenwiesen und -weiden von nationaler Bedeutung (Trockenwiesenverordnung, TwwV) » | H15: 200 | I15: https://www.bafu.admin.ch | J15: https://www.fedlex.admin.ch/eli/cc/2010/38/de
A16: 1_Q1_Rechtsordnung | B16: 27 | C16: M | D16: Waldverordnung (WaV) | E16: SR 921.01 | F16: geprüft · OK | G16: Link zeigte nur auf die Einstiegsseite https://www.bafu.admin.ch; richtig: SR 921.01 «Verordnung vom 30. November 1992 über den Wald (Waldverordnung, WaV)» | H16: 200 | I16: https://www.bafu.admin.ch | J16: https://www.fedlex.admin.ch/eli/cc/1992/2538_2538_2538/de
... A172: 1_Q1_Rechtsordnung | B172: 78 | C172: M | D172: Zonenvorschriften Siedlung | E172: – | F172: geprüft · OK | G172: Manuell geprüft 14.10.2026: Link (oereblex 22718) = Zonenvorschriften Siedlung, OK. Mehrfach gelistet, weil das Dokument mehrere Q-Dimensionen abdeckt (bisherige Bezeichnung: «Kommunale Energieplanung / Wärmeversorgung») | H172: 200 | I172: https://oereblex.bl.ch/api/attachments/22718 | J172: https://geo.ur.ch/?Lat=46.9735&Layers=Nutzungsplanung%2CLiegenschaften%2CBaulanddatenbank&Lng=8.5868&Opacity=0%2C0.4%2C1&Visibility=1%2C1%2C1&Zoom=14
A173: 1_Q1_Rechtsordnung | B173: 80 | C173: M | D173: Zonenvorschriften Siedlung | E173: – | F173: geprüft · OK | G173: Manuell geprüft 14.10.2026: Link (oereblex 22718) = Zonenvorschriften Siedlung, OK. Mehrfach gelistet, weil das Dokument mehrere Q-Dimensionen abdeckt (bisherige Bezeichnung: «Kommunale Schutzverordnung / Ortsbildvorgaben») | H173: 200 | I173: https://oereblex.bl.ch/api/attachments/22718
A174: 1_Q1_Rechtsordnung | B174: 83 | C174: M | D174: Zonenplan | E174: – | F174: geprüft · OK | G174: Manuell geprüft 14.10.2026: OK, Stand ergänzt | H174: 200 | I174: https://www.geoportal.ch/wil_sg/map/101?y=2719905.16&x=1258486.88&scale=25000&rotation=0
A175: 1_Q1_Rechtsordnung | B175: 94 | C175: M | D175: Bau- und Zonenordnung (BZO) Seelisberg | E175: – | F175: geprüft · OK | G175: Manuell geprüft 14.10.2026: OK (BZO vom 01.01.2015, rev. 18.02.2025) | H175: 200 | I175: https://www.seelisberg.ch/files/pdf/Bau-und-Zonenordnung-Seelisberg.pdf
A176: 2_Q2_Landschaft | B176: 20 | C176: M | D176: Kantonale Natur-/Landschaftsschutzgebiete, Biotope, Vernetzung SG | E176: – | F176: geprüft · manuell prüfen | G176: erreichbar, Bezeichnung im Dokument nicht gefunden («Geoportal») | H176: 200 | I176: https://www.geoportal.ch/ktsg
A177: 2_Q2_Landschaft | B177: 21 | C177: M | D177: Fruchtfolgeflächen (FFF) SG | E177: – | F177: geprüft · manuell prüfen | G177: erreichbar, Bezeichnung im Dokument nicht gefunden («Geoportal») | H177: 200 | I177: https://www.geoportal.ch/ktsg
A178: 3_Q3_Klima_Energie | B178: 23 | C178: M | D178: Zonenvorschriften Siedlung | E178: – | F178: manuell geprüft · OK | G178: Manuell geprüft 14.10.2026: Link (oereblex 22718) = Zonenvorschriften Siedlung, OK. Mehrfach gelistet, weil das Dokument mehrere Q-Dimensionen abdeckt (bisherige Bezeichnung: «Kommunale Energieplanung / Wärmeversorgung») | H178: 200 | I178: https://oereblex.bl.ch/api/attachments/22718
A179: 4_Q4_Resilienz | B179: 18 | C179: M | D179: Hitze-/Klimaanalyse, Oberflächenabfluss, Lärm- und Altlastenkataster SG | E179: – | F179: geprüft · manuell prüfen | G179: erreichbar, Bezeichnung im Dokument nicht gefunden («Geoportal») | H179: 200 | I179: https://www.geoportal.ch/ktsg
A180: 5_Q5_Ortsbild | B180: 13 | C180: M | D180: Inventar der Kulturdenkmäler (IKD) BL | E180: – | F180: geprüft · manuell prüfen | G180: erreichbar, Bezeichnung im Dokument nicht gefunden («Geoportal») | H180: 200 | I180: https://www.geoportal.ch/muenchenstein/map/912?y=2611965.69&x=1263213.43&scale=17500&rotation=0
A181: 5_Q5_Ortsbild | B181: 14 | C181: M | D181: Kantonales Bauinventar BL (BIB) / Denkmalverzeichnis | E181: – | F181: geprüft · manuell prüfen | G181: Server blockiert automatische Abfragen (HTTP 403); im Browser prüfen | H181: 403 | I181: https://www.baselland.ch
A182: 5_Q5_Ortsbild | B182: 16 | C182: M | D182: Kantonales Denkmalverzeichnis / Hinweisinventar SG | E182: – | F182: geprüft · manuell prüfen | G182: erreichbar, Bezeichnung im Dokument nicht gefunden («Geoportal») | H182: 200 | I182: https://www.geoportal.ch/ktsg
A183: 5_Q5_Ortsbild | B183: 27 | C183: M | D183: Kommunale Schutzverordnung / Ortsbildvorgaben | E183: – | F183: geprüft · manuell prüfen | G183: erreichbar, Bezeichnung im Dokument nicht gefunden («») | H183: 200 | I183: https://www.seelisberg.ch/files/pdf/Bau-und-Zonenordnung-Seelisberg.pdf
A184: 7_GIS_Layers | B184: 42 | C184: H | D184: Weitere kantonale Layer SG (Schutzgebiete, Inventare, FFF) | E184: — | F184: geprüft · manuell prüfen | G184: erreichbar, Bezeichnung im Dokument nicht gefunden («Geoportal») | H184: 200 | I184: https://www.geoportal.ch/ktsg
... A187: 5_Q5_Ortsbild | B187: 24 | C187: M | D187: Reglement zur Schutzverordnung (Schutzobjekte, Gestaltungsauflagen) | E187: – | F187: geprüft · Hinweis | G187: Inhalt passt (Treffer: Schutzverordnung); PDF ist der Entwurf zur öffentlichen Auflage (13.10.2022), nicht die erlassene Fassung; in der Rechtssammlung Wil (tlex) nicht vorhanden | H187: 200 | I187: https://cms.e-mitwirkung.ch/media/wil/Reglement_221013.pdf
A188: 1_Q1_Rechtsordnung | B188: 36 | C188: M | D188: Bundesgesetz über sichere Stromversorgung mit erneuerbaren Energien (Mantelerlass; Änderung EnG/StromVG) | E188: – | F188: geprüft · OK | G188: Manuell geprüft 14.10.2026: Link auf Fedlex-Erlass (AS 2024 679) ersetzt und geprüft, OK | H188: 200 | I188: https://www.bfe.admin.ch | J188: https://www.fedlex.admin.ch/eli/oc/2024/679/de
A189: 1_Q1_Rechtsordnung | B189: 81 | C189: M | D189: Gemeindeordnung / Finanzhaushalt- und Beschaffungsreglement | E189: – | F189: geprüft · OK | G189: Manuell geprüft 14.10.2026: Link auf Gemeindeordnung ergänzt | H189: 200 | I189: https://www.muenchenstein.ch | J189: https://www.muenchenstein.ch/_docn/2430218/20180713_Gemeindeordnung_Stand_01.01.2013_publiziert_sw.pdf
A190: 1_Q1_Rechtsordnung | B190: 91 | C190: M | D190: Rechtskräftiger Zonenplan / Nutzungsplanung | E190: – | F190: geprüft · OK | G190: nur Einstiegsseite «geo.ur» | H190: 200 | I190: https://geo.ur.ch/ | J190: https://www.muenchenstein.ch/_docn/2430218/20180713_Gemeindeordnung_Stand_01.01.2013_publiziert_sw.pdf
A191: 1_Q1_Rechtsordnung | B191: 95 | C191: M | D191: Gemeindeordnung / Finanzhaushalt- und Beschaffungsreglement | E191: – | F191: geprüft · OK | G191: Manuell geprüft 14.10.2026: Link auf Gemeindeordnung ergänzt, OK | H191: 200 | I191: https://www.seelisberg.ch | J191: https://www.seelisberg.ch/files/pdf/Gemeindeordnung.pdf
A192: 2_Q2_Landschaft | B192: 12 | C192: M | D192: Sachplan Fruchtfolgeflächen (SP FFF, 2020) und kantonale Mindestkontingente | E192: RPV Art. 26–30 | F192: geprüft · nur Einstiegsseite | G192: nur Einstiegsseite «Bundesamt für Raumentwicklung ARE» | H192: 200 | I192: https://www.are.admin.ch
A193: 2_Q2_Landschaft | B193: 13 | C193: M | D193: Landschaftskonzept Schweiz / Strategie Biodiversität Schweiz / Aktionsplan | E193: – | F193: geprüft · nur Einstiegsseite | G193: nur Einstiegsseite «Bundesamt für Umwelt - Startseite» | H193: 200 | I193: https://www.bafu.admin.ch | J193: https://www.seelisberg.ch/files/pdf/Gemeindeordnung.pdf
A194: 2_Q2_Landschaft | B194: 15 | C194: M | D194: Arealstatistik / Bodenbedeckung / Landschaftstypologie | E194: – | F194: geprüft · nur Einstiegsseite | G194: nur Einstiegsseite «Bundesamt für Raumentwicklung ARE» | H194: 200 | I194: https://www.are.admin.ch | J194: https://www.seelisberg.ch/files/pdf/Gemeindeordnung.pdf
A195: 2_Q2_Landschaft | B195: 17 | C195: M | D195: Kantonale Schutzinventare / Fruchtfolgeflächen BL | E195: – | F195: geprüft · nur Einstiegsseite | G195: nur Einstiegsseite «Daten-Homepage ARP» | H195: 200 | I195: https://arp-daten.bl.ch/
A196: 2_Q2_Landschaft | B196: 18 | C196: M | D196: Inventar der geschützten Naturobjekte und Natur- und Landschaftsschutzkonzept BL | E196: – | F196: geprüft · nur Einstiegsseite | G196: nur Einstiegsseite «GeoView BL» | H196: 200 | I196: https://geoview.bl.ch
A197: 2_Q2_Landschaft | B197: 23 | C197: M | D197: Schutzinventare Uri (Schutzobjekte, Kulturlandrestriktionen) | E197: – | F197: geprüft · nur Einstiegsseite | G197: nur Einstiegsseite «geo.ur» | H197: 200 | I197: https://geo.ur.ch
A198: 2_Q2_Landschaft | B198: 24 | C198: M | D198: Fruchtfolgeflächen, Natur-/Landschaftsinventare Uri | E198: – | F198: geprüft · nur Einstiegsseite | G198: nur Einstiegsseite «geo.ur» | H198: 200 | I198: https://geo.ur.ch
A199: 2_Q2_Landschaft | B199: 35 | C199: M | D199: Detaillierte Biotop-/Artenfunddaten (z. B. Info Species), Naturschutzverträge, BFF-Bewirtschaftungsverträge | E199: – | F199: geprüft · nur Einstiegsseite | G199: nur Einstiegsseite «Fedlex» | H199: 200 | I199: https://www.fedlex.admin.ch
A200: 2_Q2_Landschaft | B200: 36 | C200: M | D200: Kommunale Pflege-/Unterhaltskonzepte Grünräume, Baumkataster | E200: – | F200: geprüft · nur Einstiegsseite | G200: nur Einstiegsseite «Fedlex» | H200: 200 | I200: https://www.fedlex.admin.ch
A201: 3_Q3_Klima_Energie | B201: 7 | C201: M | D201: Langfristige Klimastrategie der Schweiz 2050; Energieperspektiven 2050+ | E201: – | F201: geprüft · nur Einstiegsseite | G201: nur Einstiegsseite «Bundesamt für Umwelt - Startseite» | H201: 200 | I201: https://www.bafu.admin.ch
A202: 3_Q3_Klima_Energie | B202: 11 | C202: M | D202: Treibhausgasinventar / Gemeinde-Energie- und CO₂-Bilanzen | E202: – | F202: geprüft · nur Einstiegsseite | G202: nur Einstiegsseite «Bundesamt für Umwelt - Startseite» | H202: 200 | I202: https://www.bafu.admin.ch
A203: 3_Q3_Klima_Energie | B203: 12 | C203: M | D203: MuKEn 2014 (Mustervorschriften der Kantone), SIA 2040, SIA 2032 (Graue Energie), SNBS Hochbau, Minergie | E203: – | F203: geprüft · nur Einstiegsseite | G203: nur Einstiegsseite «SIA Webplatform» | H203: 200 | I203: https://www.sia.ch
A204: 3_Q3_Klima_Energie | B204: 15 | C204: M | D204: Kantonale Energieplanung BL, Energie-/Klimastrategie, Solar-/Wärmepotenzial im Geoportal | E204: – | F204: geprüft · nur Einstiegsseite | G204: nur Einstiegsseite «GeoView BL» | H204: 200 | I204: https://geoview.bl.ch
A205: 3_Q3_Klima_Energie | B205: 21 | C205: M | D205: Energie-/Klimastrategie Uri, kantonale Energieplanung | E205: – | F205: geprüft · nur Einstiegsseite | G205: nur Einstiegsseite «Kanton Uri» | H205: 200 | I205: https://www.ur.ch
A206: 3_Q3_Klima_Energie | B206: 24 | C206: M | D206: Energiestadt-Label / kommunale Klimaziele | E206: – | F206: geprüft · nur Einstiegsseite | G206: nur Einstiegsseite «Münchenstein» | H206: 200 | I206: https://www.muenchenstein.ch
... A310: 7_GIS_Layers | B310: 40 | C310: H | D310: Zonenplan Wil (Geoportal) | E310: — | F310: geprüft · OK | G310: Inhalt passt (Treffer: Geoportal, Geoportal) | H310: 200 | I310: https://www.geoportal.ch/wil_sg/map/101?y=2719905.16&x=1258486.88&scale=25000&rotation=0
